"","GEOID","full_geoid","male_white_total","male_white_less_hs","male_white_hs_grad","male_white_some_college","male_white_bs","female_white_total","female_white_less_hs","female_white_hs_grad","female_white_some_college","female_white_bs","male_black_total","male_black_less_hs","male_black_hs_grad","male_black_some_college","male_black_bs","female_black_total","female_black_less_hs","female_black_hs_grad","female_black_some_college","female_black_bs","male_aian_total","male_aian_less_hs","male_aian_hs_grad","male_aian_some_college","male_aian_bs","female_aian_total","female_aian_less_hs","female_aian_hs_grad","female_aian_some_college","female_aian_bs","male_asian_total","male_asian_less_hs","male_asian_hs_grad","male_asian_some_college","male_asian_bs","female_asian_total","female_asian_less_hs","female_asian_hs_grad","female_asian_some_college","female_asian_bs","male_nhpi_total","male_nhpi_less_hs","male_nhpi_hs_grad","male_nhpi_some_college","male_nhpi_bs","female_nhpi_total","female_nhpi_less_hs","female_nhpi_hs_grad","female_nhpi_some_college","female_nhpi_bs","male_other_total","male_other_less_hs","male_other_hs_grad","male_other_some_college","male_other_bs","female_other_total","female_other_less_hs","female_other_hs_grad","female_other_some_college","female_other_bs","male_mixed_total","male_mixed_less_hs","male_mixed_hs_grad","male_mixed_some_college","male_mixed_bs","female_mixed_total","female_mixed_less_hs","female_mixed_hs_grad","female_mixed_some_college","female_mixed_bs","male_w_nothisp_total","male_w_nothisp_less_hs","male_w_nothisp_hs_grad","male_w_nothisp_some_college","male_w_nothisp_bs","female_w_nothisp_total","female_w_nothisp_less_hs","female_w_nothisp_hs_grad","female_w_nothisp_some_college","female_w_nothisp_bs","male_hisp_total","male_hisp_less_hs","male_hisp_hs_grad","male_hisp_some_college","male_hisp_bs","female_hisp_total","female_hisp_less_hs","female_hisp_hs_grad","female_hisp_some_college","female_hisp_bs","WHITE_TOTAL","WHITE_FEMALE","WHITE_MALE","WHITE_LESS_HS_TOTAL","WHITE_HS_TOTAL","WHITE_SOME_COLLEGE_TOTAL","WHITE_COLLEGE_TOTAL","BLACK_TOTAL","BLACK_FEMALE","BLACK_MALE","BLACK_LESS_HS_TOTAL","BLACK_HS_TOTAL","BLACK_SOME_COLLEGE_TOTAL","BLACK_COLLEGE_TOTAL","AI_AN_TOTAL","AI_AN_FEMALE","AI_AN_MALE","AI_AN_LESS_HS_TOTAL","AI_AN_HS_TOTAL","AI_AN_SOME_COLLEGE_TOTAL","AI_AN_COLLEGE_TOTAL","ASIAN_TOTAL","ASIAN_FEMALE","ASIAN_MALE","ASIAN_LESS_HS_TOTAL","ASIAN_HS_TOTAL","ASIAN_SOME_COLLEGE_TOTAL","ASIAN_COLLEGE_TOTAL","NHPI_TOTAL","NHPI_FEMALE","NHPI_MALE","NHPI_LESS_HS_TOTAL","NHPI_HS_TOTAL","NHPI_SOME_COLLEGE_TOTAL","NHPI_COLLEGE_TOTAL","OTHER_TOTAL","OTHER_FEMALE","OTHER_MALE","OTHER_LESS_HS_TOTAL","OTHER_HS_TOTAL","OTHER_SOME_COLLEGE_TOTAL","OTHER_COLLEGE_TOTAL","MIXED_TOTAL","MIXED_FEMALE","MIXED_MALE","MIXED_LESS_HS_TOTAL","MIXED_HS_TOTAL","MIXED_SOME_COLLEGE_TOTAL","MIXED_COLLEGE_TOTAL","W_NOTHISP_TOTAL","W_NOTHISP_FEMALE","W_NOTHISP_MALE","W_NOTHISP_LESS_HS_TOTAL","W_NOTHISP_HS_TOTAL","W_NOTHISP_SOME_COLLEGE_TOTAL","W_NOTHISP_COLLEGE_TOTAL","HISP_TOTAL","HISP_FEMALE","HISP_MALE","HISP_LESS_HS_TOTAL","HISP_HS_TOTAL","HISP_SOME_COLLEGE_TOTAL","HISP_COLLEGE_TOTAL","ALL_TOTAL","ALL_FEMALE_TOTAL","ALL_MALE","ALL_LESS_HS_TOTAL","ALL_HS_TOTAL","ALL_SOME_COLLEGE_TOTAL","ALL_COLLEGE_TOTAL"
"1","55033","State Senate District 33 (2018), Wisconsin",55643,2585,12110,16911,24037,58919,2052,13374,17884,25609,862,132,195,331,204,742,233,146,176,187,191,0,31,93,67,72,18,5,17,32,1389,14,105,168,1102,1475,100,109,274,992,17,9,0,0,8,24,0,0,8,16,601,243,258,67,33,473,245,103,72,53,595,16,137,138,304,619,32,68,258,261,52998,1718,11476,16107,23697,56286,1596,12734,17005,24951,3412,1110,936,951,415,3264,726,743,1032,763,114562,58919,55643,4637,25484,34795,49646,1604,742,862,365,341,507,391,263,72,191,18,36,110,99,2864,1475,1389,114,214,442,2094,41,24,17,9,0,8,24,1074,473,601,488,361,139,86,1214,619,595,48,205,396,565,109284,56286,52998,3314,24210,33112,48648,6676,3264,3412,1836,1679,1983,1178,237582,121874,115708,10829,52530,71492,102731
"2","55001","State Senate District 1 (2018), Wisconsin",58595,3346,19988,19503,15758,60317,2682,19103,20048,18484,435,70,142,103,120,241,38,92,52,59,335,121,64,54,96,409,131,81,147,50,867,77,237,177,376,893,229,192,194,278,0,0,0,0,0,2,2,0,0,0,386,163,103,72,48,329,181,61,83,4,496,35,202,111,148,541,25,109,184,223,57475,3008,19755,19220,15492,59447,2414,18906,19796,18331,1459,501,316,365,277,1317,461,258,381,217,118912,60317,58595,6028,39091,39551,34242,676,241,435,108,234,155,179,744,409,335,252,145,201,146,1760,893,867,306,429,371,654,2,2,0,2,0,0,0,715,329,386,344,164,155,52,1037,541,496,60,311,295,371,116922,59447,57475,5422,38661,39016,33823,2776,1317,1459,962,574,746,494,243544,123496,120048,13484,79609,80490,69961
"3","55002","State Senate District 2 (2018), Wisconsin",55930,3323,20911,17779,13917,57363,2791,20159,18354,16059,857,221,385,135,116,271,14,88,148,21,2427,342,837,773,475,2794,198,1098,1054,444,682,54,107,104,417,1113,182,200,86,645,0,0,0,0,0,7,0,7,0,0,474,175,101,153,45,541,196,121,134,90,938,148,202,428,160,852,45,260,350,197,55189,3101,20710,17546,13832,56501,2638,20043,18048,15772,1370,426,352,450,142,1563,358,254,538,413,113293,57363,55930,6114,41070,36133,29976,1128,271,857,235,473,283,137,5221,2794,2427,540,1935,1827,919,1795,1113,682,236,307,190,1062,7,7,0,0,7,0,0,1015,541,474,371,222,287,135,1790,852,938,193,462,778,357,111690,56501,55189,5739,40753,35594,29604,2933,1563,1370,784,606,988,555,238872,121005,117867,14212,85835,76080,62745
"4","55003","State Senate District 3 (2018), Wisconsin",34623,7119,12810,8741,5953,37911,6389,12997,10847,7678,4121,807,1665,1348,301,3593,750,1116,1300,427,499,123,185,164,27,616,109,216,236,55,1844,830,406,295,313,1946,637,504,491,314,13,0,0,0,13,13,0,0,13,0,10414,5076,3446,1519,373,9412,4229,2765,1934,484,1086,165,364,362,195,1227,262,228,420,317,24022,2359,8884,7184,5595,26553,2318,9385,8287,6563,21825,10021,7671,3277,856,21621,8560,6581,4745,1735,72534,37911,34623,13508,25807,19588,13631,7714,3593,4121,1557,2781,2648,728,1115,616,499,232,401,400,82,3790,1946,1844,1467,910,786,627,26,13,13,0,0,13,13,19826,9412,10414,9305,6211,3453,857,2313,1227,1086,427,592,782,512,50575,26553,24022,4677,18269,15471,12158,43446,21621,21825,18581,14252,8022,2591,201339,102892,98447,49754,69223,51163,31199
"5","55004","State Senate District 4 (2018), Wisconsin",17014,1325,4256,4490,6943,18752,989,4679,4891,8193,24846,4700,9758,8212,2176,36068,4861,12587,12927,5693,176,30,71,67,8,291,14,48,87,142,2361,389,697,557,718,2429,731,483,522,693,10,0,0,0,10,48,9,23,0,16,1041,308,477,209,47,1291,278,498,402,113,992,88,338,376,190,1052,160,234,402,256,15959,997,3981,4184,6797,17805,772,4389,4609,8035,2410,654,943,539,274,2577,632,762,812,371,35766,18752,17014,2314,8935,9381,15136,60914,36068,24846,9561,22345,21139,7869,467,291,176,44,119,154,150,4790,2429,2361,1120,1180,1079,1411,58,48,10,9,23,0,26,2332,1291,1041,586,975,611,160,2044,1052,992,248,572,778,446,33764,17805,15959,1769,8370,8793,14832,4987,2577,2410,1286,1705,1351,645,145122,80313,64809,16937,44224,43286,40675
"6","55005","State Senate District 5 (2018), Wisconsin",53014,2128,11229,15237,24420,59745,2229,13512,15603,28401,2178,117,555,814,692,2264,181,402,1126,555,142,8,31,59,44,254,24,61,116,53,3203,152,332,157,2562,3451,271,364,301,2515,0,0,0,0,0,8,0,0,0,8,837,63,352,299,123,765,80,347,201,137,806,34,272,169,331,1087,41,235,337,474,51154,1850,10587,14854,23863,58074,1960,13115,15119,27880,2815,356,1056,706,697,2553,372,760,713,708,112759,59745,53014,4357,24741,30840,52821,4442,2264,2178,298,957,1940,1247,396,254,142,32,92,175,97,6654,3451,3203,423,696,458,5077,8,8,0,0,0,0,8,1602,765,837,143,699,500,260,1893,1087,806,75,507,506,805,109228,58074,51154,3810,23702,29973,51743,5368,2553,2815,728,1816,1419,1405,242350,128201,114149,9866,53210,65811,113463
"7","55006","State Senate District 6 (2018), Wisconsin",15013,991,3276,4203,6543,14732,748,2782,4441,6761,25413,5145,10687,7442,2139,35046,5766,11162,12983,5135,96,0,36,55,5,188,33,55,43,57,1753,592,486,289,386,2065,930,379,423,333,33,8,0,25,0,6,0,0,0,6,939,321,219,317,82,944,235,276,292,141,1017,103,322,423,169,1232,76,209,440,507,13726,682,2728,3956,6360,13513,549,2481,4016,6467,2539,673,891,701,274,2414,464,609,801,540,29745,14732,15013,1739,6058,8644,13304,60459,35046,25413,10911,21849,20425,7274,284,188,96,33,91,98,62,3818,2065,1753,1522,865,712,719,39,6,33,8,0,25,6,1883,944,939,556,495,609,223,2249,1232,1017,179,531,863,676,27239,13513,13726,1231,5209,7972,12827,4953,2414,2539,1137,1500,1502,814,130669,70140,60529,17316,36598,40850,35905
"8","55007","State Senate District 7 (2018), Wisconsin",55174,2990,14103,17546,20535,57158,3126,14854,14837,24341,2200,224,562,870,544,2233,252,690,611,680,588,129,275,174,10,343,14,184,95,50,2419,198,371,373,1477,1892,323,354,183,1032,18,0,11,0,7,65,18,19,11,17,1644,378,443,502,321,1132,315,354,208,255,1056,76,273,307,400,1323,53,259,388,623,51732,2475,13178,16344,19735,53818,2595,14003,13823,23397,5301,942,1472,1740,1147,4780,897,1285,1367,1231,112332,57158,55174,6116,28957,32383,44876,4433,2233,2200,476,1252,1481,1224,931,343,588,143,459,269,60,4311,1892,2419,521,725,556,2509,83,65,18,18,30,11,24,2776,1132,1644,693,797,710,576,2379,1323,1056,129,532,695,1023,105550,53818,51732,5070,27181,30167,43132,10081,4780,5301,1839,2757,3107,2378,242876,122744,120132,15005,62690,69379,95802
"9","55008","State Senate District 8 (2018), Wisconsin",53143,1611,9879,14087,27566,57533,1498,11808,15258,28969,3206,311,769,1359,767,4004,287,883,1451,1383,89,18,15,38,18,200,0,24,38,138,2024,137,211,460,1216,2400,91,217,413,1679,36,7,0,17,12,11,0,11,0,0,256,43,130,26,57,325,24,23,70,208,759,17,183,175,384,701,55,23,243,380,51900,1458,9607,13782,27053,56358,1446,11496,15015,28401,1582,201,425,343,613,1580,98,335,341,806,110676,57533,53143,3109,21687,29345,56535,7210,4004,3206,598,1652,2810,2150,289,200,89,18,39,76,156,4424,2400,2024,228,428,873,2895,47,11,36,7,11,17,12,581,325,256,67,153,96,265,1460,701,759,72,206,418,764,108258,56358,51900,2904,21103,28797,55454,3162,1580,1582,299,760,684,1419,236107,123112,112995,7302,46039,63116,119650
"10","55009","State Senate District 9 (2018), Wisconsin",54627,4042,20452,17440,12693,56903,3168,20639,18828,14268,830,139,267,261,163,498,155,138,190,15,144,9,14,98,23,289,0,81,148,60,2181,428,680,610,463,2199,607,526,598,468,0,0,0,0,0,3,0,0,3,0,387,122,125,132,8,460,55,204,135,66,493,8,224,136,125,425,5,169,127,124,52727,3413,19735,17038,12541,55259,2785,20209,18199,14066,2407,754,903,583,167,2220,474,649,801,296,111530,56903,54627,7210,41091,36268,26961,1328,498,830,294,405,451,178,433,289,144,9,95,246,83,4380,2199,2181,1035,1206,1208,931,3,3,0,0,0,3,0,847,460,387,177,329,267,74,918,425,493,13,393,263,249,107986,55259,52727,6198,39944,35237,26607,4627,2220,2407,1228,1552,1384,463,232052,118256,113796,16164,85015,75327,55546
"11","55010","State Senate District 10 (2018), Wisconsin",55485,2852,16974,19835,15824,56584,2491,15849,19798,18446,403,37,113,95,158,198,5,6,126,61,225,19,122,48,36,239,28,63,76,72,363,13,62,114,174,622,132,127,151,212,4,0,4,0,0,41,0,7,0,34,166,88,40,17,21,193,50,16,78,49,689,27,216,321,125,569,28,165,214,162,54790,2733,16800,19544,15713,55925,2358,15699,19561,18307,886,214,233,305,134,853,181,165,328,179,112069,56584,55485,5343,32823,39633,34270,601,198,403,42,119,221,219,464,239,225,47,185,124,108,985,622,363,145,189,265,386,45,41,4,0,11,0,34,359,193,166,138,56,95,70,1258,569,689,55,381,535,287,110715,55925,54790,5091,32499,39105,34020,1739,853,886,395,398,633,313,228235,115224,113011,11256,66661,80611,69707
"12","55011","State Senate District 11 (2018), Wisconsin",57121,4868,19561,17640,15052,59053,3742,18041,19411,17859,751,81,344,191,135,520,35,134,214,137,244,41,71,86,46,175,34,51,54,36,394,64,47,64,219,708,72,201,125,310,0,0,0,0,0,0,0,0,0,0,1231,417,523,240,51,1057,396,344,210,107,752,92,250,236,174,627,82,171,245,129,54552,3676,18860,17257,14759,56732,2775,17570,18850,17537,4116,1682,1357,688,389,3605,1440,872,801,492,116174,59053,57121,8610,37602,37051,32911,1271,520,751,116,478,405,272,419,175,244,75,122,140,82,1102,708,394,136,248,189,529,0,0,0,0,0,0,0,2288,1057,1231,813,867,450,158,1379,627,752,174,421,481,303,111284,56732,54552,6451,36430,36107,32296,7721,3605,4116,3122,2229,1489,881,241638,122477,119161,19497,78397,76312,67432
"13","55012","State Senate District 12 (2018), Wisconsin",60213,5757,24281,18735,11440,60316,4011,22206,21254,12845,326,28,105,128,65,162,75,19,23,45,1847,237,855,636,119,2018,224,725,695,374,125,20,18,15,72,337,61,119,60,97,1,0,0,1,0,33,4,14,4,11,150,62,41,34,13,50,18,4,16,12,515,114,177,171,53,714,65,129,352,168,59584,5609,24106,18509,11360,59555,3853,22021,21005,12676,833,219,243,285,86,864,184,211,278,191,120529,60316,60213,9768,46487,39989,24285,488,162,326,103,124,151,110,3865,2018,1847,461,1580,1331,493,462,337,125,81,137,75,169,34,33,1,4,14,5,11,200,50,150,80,45,50,25,1229,714,515,179,306,523,221,119139,59555,59584,9462,46127,39514,24036,1697,864,833,403,454,563,277,247643,124049,123594,20541,95274,82201,49627
"14","55013","State Senate District 13 (2018), Wisconsin",58710,4226,20666,18010,15808,59588,3453,18128,20262,17745,728,45,366,244,73,526,68,187,159,112,154,5,73,28,48,152,0,53,32,67,299,21,81,64,133,428,83,148,79,118,8,0,3,5,0,1,0,0,0,1,461,178,184,75,24,188,106,32,19,31,403,48,104,160,91,649,33,213,305,98,57153,3774,20017,17800,15562,58257,3085,17646,19989,17537,2061,640,848,304,269,1626,489,597,292,248,118298,59588,58710,7679,38794,38272,33553,1254,526,728,113,553,403,185,306,152,154,5,126,60,115,727,428,299,104,229,143,251,9,1,8,0,3,5,1,649,188,461,284,216,94,55,1052,649,403,81,317,465,189,115410,58257,57153,6859,37663,37789,33099,3687,1626,2061,1129,1445,596,517,241392,121415,119977,16254,79346,77827,67965
"15","55014","State Senate District 14 (2018), Wisconsin",60216,6244,24383,19118,10471,58139,4452,21813,19368,12506,1628,337,706,491,94,191,34,46,58,53,508,59,181,176,92,149,46,40,40,23,332,5,91,63,173,440,42,80,138,180,32,0,14,10,8,4,0,4,0,0,580,248,225,84,23,282,120,57,71,34,632,72,260,192,108,398,21,118,172,87,58630,5679,23859,18745,10347,57226,4134,21508,19143,12441,2261,836,814,445,166,1240,454,398,291,97,118355,58139,60216,10696,46196,38486,22977,1819,191,1628,371,752,549,147,657,149,508,105,221,216,115,772,440,332,47,171,201,353,36,4,32,0,18,10,8,862,282,580,368,282,155,57,1030,398,632,93,378,364,195,115856,57226,58630,9813,45367,37888,22788,3501,1240,2261,1290,1212,736,263,242888,118069,124819,22783,94597,78605,46903
"16","55015","State Senate District 15 (2018), Wisconsin",49907,4822,18528,16118,10439,53687,3490,18735,18192,13270,1986,317,808,787,74,1977,421,420,798,338,147,10,65,45,27,192,25,42,85,40,435,63,112,118,142,717,42,114,215,346,0,0,0,0,0,71,30,32,9,0,1669,639,669,241,120,1384,580,501,186,117,764,82,297,267,118,682,179,164,232,107,48107,4238,17992,15629,10248,52200,3190,18124,17783,13103,3573,1247,1245,767,314,3035,957,1140,613,325,103594,53687,49907,8312,37263,34310,23709,3963,1977,1986,738,1228,1585,412,339,192,147,35,107,130,67,1152,717,435,105,226,333,488,71,71,0,30,32,9,0,3053,1384,1669,1219,1170,427,237,1446,682,764,261,461,499,225,100307,52200,48107,7428,36116,33412,23351,6608,3035,3573,2204,2385,1380,639,220533,113945,106588,20332,78988,72085,49128
"17","55016","State Senate District 16 (2018), Wisconsin",54281,2405,11760,16115,24001,58596,2285,12276,17822,26213,3512,431,1331,997,753,3972,486,713,1886,887,180,0,55,118,7,177,4,59,45,69,2629,432,280,498,1419,2906,432,461,444,1569,41,10,3,9,19,35,0,13,5,17,1183,382,438,277,86,1211,442,301,280,188,921,151,21,237,512,999,136,135,357,371,51645,1749,11051,15354,23491,56390,1783,11817,17075,25715,4010,1119,1156,1087,648,3650,1010,768,1146,726,112877,58596,54281,4690,24036,33937,50214,7484,3972,3512,917,2044,2883,1640,357,177,180,4,114,163,76,5535,2906,2629,864,741,942,2988,76,35,41,10,16,14,36,2394,1211,1183,824,739,557,274,1920,999,921,287,156,594,883,108035,56390,51645,3532,22868,32429,49206,7660,3650,4010,2129,1924,2233,1374,246338,127936,118402,13257,52638,73752,106691
"18","55017","State Senate District 17 (2018), Wisconsin",56362,5524,23211,17508,10119,56467,4020,19886,19652,12909,1012,264,381,332,35,123,37,31,32,23,329,109,65,103,52,246,23,71,141,11,337,11,59,60,207,466,25,84,83,274,7,1,0,6,0,0,0,0,0,0,312,119,143,37,13,295,139,70,26,60,386,39,152,135,60,372,36,131,123,82,55546,5337,22779,17366,10064,55861,3835,19665,19510,12851,1231,331,594,216,90,927,313,296,200,118,112829,56467,56362,9544,43097,37160,23028,1135,123,1012,301,412,364,58,575,246,329,132,136,244,63,803,466,337,36,143,143,481,7,0,7,1,0,6,0,607,295,312,258,213,63,73,758,372,386,75,283,258,142,111407,55861,55546,9172,42444,36876,22915,2158,927,1231,644,890,416,208,230279,114757,115522,20163,87618,75530,46968
"19","55018","State Senate District 18 (2018), Wisconsin",55332,4560,20056,18124,12592,55359,3330,18332,18287,15410,1989,653,753,421,162,681,94,143,309,135,362,44,140,115,63,162,3,55,75,29,1185,163,327,226,469,1294,263,293,156,582,29,0,0,23,6,41,35,0,0,6,605,243,141,127,94,404,184,110,80,30,603,83,294,78,148,395,62,122,128,83,53617,3984,19463,17729,12441,53913,2978,17952,17780,15203,2408,855,812,522,219,1877,536,497,600,244,110691,55359,55332,7890,38388,36411,28002,2670,681,1989,747,896,730,297,524,162,362,47,195,190,92,2479,1294,1185,426,620,382,1051,70,41,29,35,0,23,12,1009,404,605,427,251,207,124,998,395,603,145,416,206,231,107530,53913,53617,6962,37415,35509,27644,4285,1877,2408,1391,1309,1122,463,230256,114126,116130,18070,79490,74780,57916
"20","55019","State Senate District 19 (2018), Wisconsin",55002,3223,16491,17328,17960,58066,2646,17251,18992,19177,962,219,308,357,78,764,83,286,260,135,499,40,267,132,60,393,9,138,141,105,2145,327,485,607,726,2202,421,459,474,848,0,0,0,0,0,56,20,0,14,22,1024,249,348,369,58,503,224,138,138,3,613,28,183,166,236,498,30,122,183,163,54086,3005,16169,17095,17817,56943,2456,16997,18505,18985,2040,459,691,635,255,1731,458,396,663,214,113068,58066,55002,5869,33742,36320,37137,1726,764,962,302,594,617,213,892,393,499,49,405,273,165,4347,2202,2145,748,944,1081,1574,56,56,0,20,0,14,22,1527,503,1024,473,486,507,61,1111,498,613,58,305,349,399,111029,56943,54086,5461,33166,35600,36802,3771,1731,2040,917,1087,1298,469,237527,121156,116371,13897,70729,76059,76842
"21","55020","State Senate District 20 (2018), Wisconsin",59013,3382,19955,18897,16779,59640,2579,18187,20106,18768,786,97,278,338,73,397,58,35,167,137,176,57,18,53,48,196,16,68,77,35,423,42,51,121,209,497,50,108,164,175,40,10,3,16,11,57,10,0,47,0,401,136,95,100,70,354,62,107,109,76,424,15,119,234,56,440,2,79,182,177,58008,3106,19694,18675,16533,58924,2373,18095,19852,18604,1486,430,368,371,317,1151,270,197,431,253,118653,59640,59013,5961,38142,39003,35547,1183,397,786,155,313,505,210,372,196,176,73,86,130,83,920,497,423,92,159,285,384,97,57,40,20,3,63,11,755,354,401,198,202,209,146,864,440,424,17,198,416,233,116932,58924,58008,5479,37789,38527,35137,2637,1151,1486,700,565,802,570,242413,121656,120757,12695,77457,79940,72321
"22","55021","State Senate District 21 (2018), Wisconsin",56488,4310,17478,18825,15875,59588,3015,17799,20612,18162,2248,409,974,704,161,1825,190,412,798,425,201,32,58,77,34,356,0,147,141,68,733,55,120,227,331,873,106,156,215,396,32,0,32,0,0,72,10,0,0,62,491,159,89,112,131,487,139,49,183,116,460,28,140,246,46,483,14,154,180,135,53907,3681,16617,18133,15476,56961,2747,16960,19612,17642,3315,850,995,940,530,3358,421,986,1232,719,116076,59588,56488,7325,35277,39437,34037,4073,1825,2248,599,1386,1502,586,557,356,201,32,205,218,102,1606,873,733,161,276,442,727,104,72,32,10,32,0,62,978,487,491,298,138,295,247,943,483,460,42,294,426,181,110868,56961,53907,6428,33577,37745,33118,6673,3358,3315,1271,1981,2172,1249,241878,124003,117875,16166,73166,82237,70309
"23","55022","State Senate District 22 (2018), Wisconsin",41390,4782,13932,13110,9566,44199,4350,12763,16412,10674,7143,1960,2603,2078,502,8357,1330,2882,3190,955,323,43,133,111,36,328,45,113,107,63,834,61,44,327,402,1069,142,210,251,466,15,5,0,5,5,1,0,0,0,1,2031,743,705,443,140,1904,855,448,442,159,916,226,199,315,176,1188,198,328,500,162,35323,2737,11756,11787,9043,38443,2691,11123,14622,10007,8610,2911,3010,1976,713,8298,2605,2174,2660,859,85589,44199,41390,9132,26695,29522,20240,15500,8357,7143,3290,5485,5268,1457,651,328,323,88,246,218,99,1903,1069,834,203,254,578,868,16,1,15,5,0,5,6,3935,1904,2031,1598,1153,885,299,2104,1188,916,424,527,815,338,73766,38443,35323,5428,22879,26409,19050,16908,8298,8610,5516,5184,4636,1572,200372,103787,96585,25684,62423,68336,43929
"24","55023","State Senate District 23 (2018), Wisconsin",57753,5934,22418,18297,11104,57199,4376,18720,20611,13492,786,132,252,313,89,344,118,60,66,100,152,0,53,91,8,98,16,21,38,23,613,77,183,88,265,922,151,153,268,350,0,0,0,0,0,0,0,0,0,0,383,227,103,39,14,181,83,57,36,5,655,65,216,299,75,467,37,127,204,99,56807,5584,22110,18167,10946,56439,4156,18479,20416,13388,1421,586,450,208,177,983,303,320,251,109,114952,57199,57753,10310,41138,38908,24596,1130,344,786,250,312,379,189,250,98,152,16,74,129,31,1535,922,613,228,336,356,615,0,0,0,0,0,0,0,564,181,383,310,160,75,19,1122,467,655,102,343,503,174,113246,56439,56807,9740,40589,38583,24334,2404,983,1421,889,770,459,286,235203,116633,118570,21845,83722,79392,50244
"25","55024","State Senate District 24 (2018), Wisconsin",55818,4542,21497,17260,12519,56624,3309,19883,18843,14589,677,155,256,183,83,259,3,126,55,75,335,21,174,123,17,406,51,123,105,127,850,116,199,144,391,978,169,120,241,448,24,0,24,0,0,2,0,0,2,0,713,358,152,140,63,614,246,121,149,98,494,17,120,275,82,481,61,132,165,123,55028,4295,21258,17099,12376,55771,3088,19670,18569,14444,1432,550,396,275,211,1502,493,357,399,253,112442,56624,55818,7851,41380,36103,27108,936,259,677,158,382,238,158,741,406,335,72,297,228,144,1828,978,850,285,319,385,839,26,2,24,0,24,2,0,1327,614,713,604,273,289,161,975,481,494,78,252,440,205,110799,55771,55028,7383,40928,35668,26820,2934,1502,1432,1043,753,674,464,232008,116637,115371,17474,84608,74027,55899
"26","55025","State Senate District 25 (2018), Wisconsin",57721,4658,20968,19381,12714,57764,3291,18737,21634,14102,615,114,166,288,47,422,176,77,160,9,2325,384,856,879,206,2203,172,789,947,295,301,45,69,74,113,505,84,136,150,135,44,0,6,38,0,75,0,0,75,0,296,106,47,125,18,184,86,67,22,9,594,86,179,263,66,825,69,162,347,247,57118,4524,20847,19154,12593,57279,3189,18627,21434,14029,973,243,173,420,137,741,199,216,227,99,115485,57764,57721,7949,39705,41015,26816,1037,422,615,290,243,448,56,4528,2203,2325,556,1645,1826,501,806,505,301,129,205,224,248,119,75,44,0,6,113,0,480,184,296,192,114,147,27,1419,825,594,155,341,610,313,114397,57279,57118,7713,39474,40588,26622,1714,741,973,442,389,647,236,239985,119998,119987,17426,82122,85618,54819
"27","55026","State Senate District 26 (2018), Wisconsin",46156,1155,4744,9851,30406,46228,981,4332,9176,31739,2925,278,894,925,828,3022,247,849,1107,819,353,22,115,108,108,268,49,41,132,46,5213,281,423,487,4022,5129,331,397,458,3943,51,0,36,15,0,9,0,0,9,0,863,267,189,150,257,609,119,139,186,165,1351,64,73,281,933,1253,56,79,180,938,44009,777,4451,9341,29440,43968,570,4049,8654,30695,3191,677,521,693,1300,3076,560,414,776,1326,92384,46228,46156,2136,9076,19027,62145,5947,3022,2925,525,1743,2032,1647,621,268,353,71,156,240,154,10342,5129,5213,612,820,945,7965,60,9,51,0,36,24,0,1472,609,863,386,328,336,422,2604,1253,1351,120,152,461,1871,87977,43968,44009,1347,8500,17995,60135,6267,3076,3191,1237,935,1469,2626,207674,103562,104112,6434,21746,42529,136965
"28","55027","State Senate District 27 (2018), Wisconsin",60233,2682,15632,17836,24083,62587,2215,14059,19748,26565,1536,225,629,440,242,551,54,140,168,189,196,27,69,62,38,248,34,56,70,88,912,89,173,38,612,1308,110,84,161,953,13,7,6,0,0,3,0,3,0,0,781,197,250,140,194,493,106,118,95,174,589,44,178,135,232,509,5,142,120,242,59072,2511,15301,17449,23811,61357,2113,13878,19407,25959,1917,460,594,521,342,1651,208,314,436,693,122820,62587,60233,4897,29691,37584,50648,2087,551,1536,279,769,608,431,444,248,196,61,125,132,126,2220,1308,912,199,257,199,1565,16,3,13,7,9,0,0,1274,493,781,303,368,235,368,1098,509,589,49,320,255,474,120429,61357,59072,4624,29179,36856,49770,3568,1651,1917,668,908,957,1035,253956,128707,125249,11087,61626,76826,104417
"29","55028","State Senate District 28 (2018), Wisconsin",56863,2977,15636,17852,20398,59391,2251,17128,18256,21756,1762,393,589,611,169,930,77,196,380,277,179,7,55,42,75,235,40,43,106,46,2464,238,502,287,1437,2593,331,405,404,1453,14,0,10,4,0,7,0,0,7,0,1189,278,547,162,202,1126,297,177,407,245,653,16,145,211,281,944,7,152,294,491,54964,2748,14932,17329,19955,57498,1936,16799,17650,21113,3145,538,1215,795,597,2973,529,524,1059,861,116254,59391,56863,5228,32764,36108,42154,2692,930,1762,470,785,991,446,414,235,179,47,98,148,121,5057,2593,2464,569,907,691,2890,21,7,14,0,10,11,0,2315,1126,1189,575,724,569,447,1597,944,653,23,297,505,772,112462,57498,54964,4684,31731,34979,41068,6118,2973,3145,1067,1739,1854,1458,246930,125697,121233,12663,69055,75856,89356
"30","55029","State Senate District 29 (2018), Wisconsin",55817,5104,20878,17199,12636,56651,3830,19657,18442,14722,323,51,71,170,31,195,13,31,115,36,948,161,358,322,107,1032,149,292,481,110,2167,265,628,737,537,2028,487,465,551,525,32,15,7,0,10,25,22,0,3,0,194,69,52,34,39,186,108,14,30,34,676,53,230,305,88,540,60,94,315,71,55275,4859,20790,17042,12584,56085,3596,19582,18277,14630,825,331,164,242,88,909,354,135,273,147,112468,56651,55817,8934,40535,35641,27358,518,195,323,64,102,285,67,1980,1032,948,310,650,803,217,4195,2028,2167,752,1093,1288,1062,57,25,32,37,7,3,10,380,186,194,177,66,64,73,1216,540,676,113,324,620,159,111360,56085,55275,8455,40372,35319,27214,1734,909,825,685,299,515,235,233908,117651,116257,19527,83448,74538,56395
"31","55030","State Senate District 30 (2018), Wisconsin",51632,4897,17199,16825,12711,54176,3494,17396,17927,15359,1344,171,515,448,210,1298,221,257,520,300,826,162,316,297,51,861,103,304,397,57,1366,262,373,331,400,1478,304,390,344,440,0,0,0,0,0,18,10,8,0,0,2091,1112,622,315,42,1824,836,425,436,127,786,144,255,246,141,894,162,287,255,190,49068,3758,16478,16382,12450,52256,2719,16851,17557,15129,4807,2268,1407,829,303,4057,1695,1120,880,362,105808,54176,51632,8391,34595,34752,28070,2642,1298,1344,392,772,968,510,1687,861,826,265,620,694,108,2844,1478,1366,566,763,675,840,18,18,0,10,8,0,0,3915,1824,2091,1948,1047,751,169,1680,894,786,306,542,501,331,101324,52256,49068,6477,33329,33939,27579,8864,4057,4807,3963,2527,1709,665,228782,116862,111920,22318,74203,73989,58272
"32","55031","State Senate District 31 (2018), Wisconsin",54950,3965,18792,18926,13267,55089,2658,17110,19203,16118,852,230,167,402,53,208,14,64,80,50,487,62,186,208,31,561,12,318,164,67,931,213,136,241,341,1288,293,276,243,476,174,0,98,68,8,69,1,6,62,0,703,351,229,100,23,303,130,99,39,35,477,31,161,206,79,508,54,97,223,134,54207,3716,18494,18833,13164,54360,2491,16803,19053,16013,1513,611,588,195,119,1110,307,442,208,153,110039,55089,54950,6623,35902,38129,29385,1060,208,852,244,231,482,103,1048,561,487,74,504,372,98,2219,1288,931,506,412,484,817,243,69,174,1,104,130,8,1006,303,703,481,328,139,58,985,508,477,85,258,429,213,108567,54360,54207,6207,35297,37886,29177,2623,1110,1513,918,1030,403,272,227790,113496,114294,15139,74066,78454,60131
"33","55032","State Senate District 32 (2018), Wisconsin",53500,3513,17512,17565,14910,55456,3399,15305,18660,18092,789,110,265,278,136,403,65,123,125,90,220,41,37,119,23,221,13,99,102,7,1457,146,221,644,446,1527,338,439,419,331,1,0,0,1,0,19,1,15,3,0,443,144,73,73,153,262,63,21,163,15,309,10,141,70,88,572,29,132,263,148,53031,3478,17409,17320,14824,54924,3275,15226,18482,17941,904,189,149,332,234,845,196,123,362,164,108956,55456,53500,6912,32817,36225,33002,1192,403,789,175,388,403,226,441,221,220,54,136,221,30,2984,1527,1457,484,660,1063,777,20,19,1,1,15,4,0,705,262,443,207,94,236,168,881,572,309,39,273,333,236,107955,54924,53031,6753,32635,35802,32765,1749,845,904,385,272,694,398,224883,114229,110654,15010,67290,74981,67602
