"","GEOID","full_geoid","white_totalE","white_less10kE","white_10kto14kE","white_15kto19kE","white_20kto24kE","white_25kto29kE","white_30kto34kE","white_35kto39kE","white_40kto44kE","white_45kto49kE","white_50kto59kE","white_60kto74kE","white_75kto99kE","white_100kto124kE","white_125kto149kE","white_150kto199kE","white_200ktomoreE","black_totalE","black_less10kE","black_10kto14kE","black_15kto19kE","black_20kto24kE","black_25kto29kE","black_30kto34kE","black_35kto39kE","black_40kto44kE","black_45kto49kE","black_50kto59kE","black_60kto74kE","black_75kto99kE","black_100kto124kE","black_125kto149kE","black_150kto199kE","black_200ktomoreE","aian_totalE","aian_less10kE","aian_10kto14kE","aian_15kto19kE","aian_20kto24kE","aian_25kto29kE","aian_30kto34kE","aian_35kto39kE","aian_40kto44kE","aian_45kto49kE","aian_50kto59kE","aian_60kto74kE","aian_75kto99kE","aian_100kto124kE","aian_125kto149kE","aian_150kto199kE","aian_200ktomoreE","asian_totalE","asian_less10kE","asian_10kto14kE","asian_15kto19kE","asian_20kto24kE","asian_25kto29kE","asian_30kto34kE","asian_35kto39kE","asian_40kto44kE","asian_45kto49kE","asian_50kto59kE","asian_60kto74kE","asian_75kto99kE","asian_100kto124kE","asian_125kto149kE","asian_150kto199kE","asian_200ktomoreE","nhpi_totalE","nhpi_less10kE","nhpi_10kto14kE","nhpi_15kto19kE","nhpi_20kto24kE","nhpi_25kto29kE","nhpi_30kto34kE","nhpi_35kto39kE","nhpi_40kto44kE","nhpi_45kto49kE","nhpi_50kto59kE","nhpi_60kto74kE","nhpi_75kto99kE","nhpi_100kto124kE","nhpi_125kto149kE","nhpi_150kto199kE","nhpi_200ktomoreE","other_totalE","other_less10kE","other_10kto14kE","other_15kto19kE","other_20kto24kE","other_25kto29kE","other_30kto34kE","other_35kto39kE","other_40kto44kE","other_45kto49kE","other_50kto59kE","other_60kto74kE","other_75kto99kE","other_100kto124kE","other_125kto149kE","other_150kto199kE","other_200ktomoreE","mixed_totalE","mixed_less10kE","mixed_10kto14kE","mixed_15kto19kE","mixed_20kto24kE","mixed_25kto29kE","mixed_30kto34kE","mixed_35kto39kE","mixed_40kto44kE","mixed_45kto49kE","mixed_50kto59kE","mixed_60kto74kE","mixed_75kto99kE","mixed_100kto124kE","mixed_125kto149kE","mixed_150kto199kE","mixed_200ktomoreE","w_nothisp_totalE","w_nothisp_less10kE","w_nothisp_10kto14kE","w_nothisp_15kto19kE","w_nothisp_20kto24kE","w_nothisp_25kto29kE","w_nothisp_30kto34kE","w_nothisp_35kto39kE","w_nothisp_40kto44kE","w_nothisp_45kto49kE","w_nothisp_50kto59kE","w_nothisp_60kto74kE","w_nothisp_75kto99kE","w_nothisp_100kto124kE","w_nothisp_125kto149kE","w_nothisp_150kto199kE","w_nothisp_200ktomoreE","hisp_totalE","hisp_less10kE","hisp_10kto14kE","hisp_15kto19kE","hisp_20kto24kE","hisp_25kto29kE","hisp_30kto34kE","hisp_35kto39kE","hisp_40kto44kE","hisp_45kto49kE","hisp_50kto59kE","hisp_60kto74kE","hisp_75kto99kE","hisp_100kto124kE","hisp_125kto149kE","hisp_150kto199kE","hisp_200ktomoreE","BLACK_less25","BLACK_25_to_34","BLACK_35_to_49","BLACK_50_to_74","BLACK_75_to_99","BLACK_100_to_149","BLACK_150_to_199","BLACK_200_more","BLACK_TOTAL","HISP_less25","HISP_25_to_34","HISP_35_to_49","HISP_50_to_74","HISP_75_to_99","HISP_100_to_149","HISP_150_to_199","HISP_200_more","HISP_TOTAL","UNDERREP_less25","UNDERREP_25_to_34","UNDERREP_35_to_49","UNDERREP_50_to_74","UNDERREP_75_to_99","UNDERREP_100_to_149","UNDERREP_150_to_199","UNDERREP_200_more","UNDERREP_TOTAL"
"1","55003","Ashland County, Wisconsin",5765,333,475,430,253,276,341,276,265,273,552,557,756,422,250,171,135,4,0,0,0,2,0,0,0,0,0,0,0,2,0,0,0,0,473,41,82,40,31,19,20,4,6,21,46,53,62,31,6,6,5,48,18,0,0,0,0,0,11,14,0,0,0,5,0,0,0,0,0,0,0,0,0,0,0,0,0,0,0,0,0,0,0,0,0,14,0,0,0,14,0,0,0,0,0,0,0,0,0,0,0,0,179,14,2,9,17,25,42,3,20,0,0,8,8,27,0,0,4,5658,333,475,418,224,276,338,276,264,273,552,525,754,394,250,171,135,157,0,0,12,45,4,9,0,1,4,0,32,2,48,0,0,0,2,0,0,0,2,0,0,0,4,57,13,5,32,2,48,0,0,157,59,13,5,32,4,48,0,0,161
"2","55005","Barron County, Wisconsin",18433,800,897,1019,1053,977,1021,1147,822,993,1505,2198,2339,1519,866,691,586,182,0,0,0,5,59,0,16,71,4,22,5,0,0,0,0,0,140,3,15,3,2,5,10,3,8,16,1,49,25,0,0,0,0,57,1,1,0,11,0,0,11,0,7,0,10,1,0,0,1,14,0,0,0,0,0,0,0,0,0,0,0,0,0,0,0,0,0,90,0,0,4,0,8,0,0,0,3,28,6,41,0,0,0,0,157,22,0,32,11,6,10,35,0,0,18,0,7,12,1,3,0,18293,777,897,1017,1053,977,1021,1120,809,993,1488,2164,2330,1513,857,691,586,247,23,0,2,2,13,0,27,22,8,45,40,50,6,9,0,0,5,59,91,27,0,0,0,0,182,27,13,57,85,50,15,0,0,247,32,72,148,112,0,15,0,0,429
"3","55009","Brown County, Wisconsin",94604,3382,3283,3636,3564,3906,4339,3825,4677,3790,8118,10131,14131,10908,6010,5753,5151,1668,286,229,173,185,83,73,53,65,14,88,196,176,21,8,11,7,2484,124,149,198,189,227,150,264,284,89,128,247,176,173,46,22,18,2420,86,39,135,38,0,24,7,128,58,106,369,515,368,217,93,237,6,6,0,0,0,0,0,0,0,0,0,0,0,0,0,0,0,2559,240,192,64,82,292,57,173,104,260,347,241,241,177,50,0,39,2290,157,81,164,232,84,70,90,97,208,290,146,232,188,223,4,24,92115,3340,3153,3530,3497,3830,4248,3695,4512,3675,7824,9695,13809,10752,5828,5609,5118,6019,311,335,203,274,536,161,319,290,388,840,677,688,420,368,144,65,873,156,132,284,176,29,11,7,1668,1123,697,997,1517,688,788,144,65,6019,1996,853,1129,1801,352,817,155,72,7687
"4","55011","Buffalo County, Wisconsin",5607,239,237,280,295,201,275,276,294,235,594,669,868,546,235,222,141,20,0,0,0,0,0,0,0,19,0,0,0,1,0,0,0,0,22,0,0,0,0,0,0,0,0,0,0,0,22,0,0,0,0,2,0,0,0,0,0,0,0,0,0,0,0,0,0,2,0,0,0,0,0,0,0,0,0,0,0,0,0,0,0,0,0,0,0,28,0,0,0,2,0,5,5,0,0,0,9,6,1,0,0,0,72,2,8,1,1,0,0,0,2,2,0,0,54,2,0,0,0,5546,239,237,280,292,201,275,263,293,235,587,657,852,537,235,222,141,91,0,0,0,5,0,5,18,1,0,7,20,23,10,2,0,0,0,0,19,0,1,0,0,0,20,5,5,19,27,23,12,0,0,91,5,5,38,27,2,12,0,0,111
"5","55015","Calumet County, Wisconsin",18987,554,493,695,433,739,750,610,931,456,1358,2134,2928,2663,1928,1332,983,128,8,0,0,0,17,0,24,0,9,0,8,40,8,0,14,0,103,0,0,4,0,0,0,13,7,0,10,31,18,0,13,0,7,423,5,0,4,27,43,0,6,25,124,0,103,36,10,3,10,27,0,0,0,0,0,0,0,0,0,0,0,0,0,0,0,0,0,84,8,0,0,0,0,0,0,0,0,0,41,0,20,0,0,15,226,32,16,8,10,0,0,5,0,0,0,68,13,12,0,62,0,18648,554,493,683,430,721,726,610,894,433,1250,2068,2893,2652,1928,1330,983,507,40,0,12,3,18,24,0,37,23,108,165,36,39,0,2,0,8,17,33,8,40,8,14,0,128,55,42,60,273,36,39,2,0,507,63,59,93,281,80,47,16,0,635
"6","55017","Chippewa County, Wisconsin",25369,964,1107,1162,1244,1049,1153,1161,1561,985,2133,2707,3530,2714,1812,1042,1045,95,0,0,0,0,0,0,0,0,0,0,16,24,6,0,0,49,18,1,0,5,0,1,0,0,0,0,0,0,11,0,0,0,0,251,18,0,8,8,19,5,0,0,17,12,79,22,28,10,7,18,0,0,0,0,0,0,0,0,0,0,0,0,0,0,0,0,0,31,0,0,0,0,0,0,0,0,0,0,0,21,10,0,0,0,280,0,20,0,5,18,11,23,0,15,4,45,50,70,2,17,0,25196,947,1107,1159,1244,1034,1146,1155,1558,965,2120,2702,3522,2650,1812,1034,1041,268,17,0,3,0,15,7,6,3,20,13,5,29,138,0,8,4,0,0,0,16,24,6,0,49,95,20,22,29,18,29,138,8,4,268,20,22,29,34,48,144,8,53,363
"7","55021","Columbia County, Wisconsin",23624,811,651,802,945,885,1000,1021,1007,790,2137,2643,3850,2722,1592,1718,1050,143,4,29,45,0,8,0,0,0,0,0,0,0,15,6,0,36,77,6,0,0,0,0,0,0,0,0,13,21,29,0,8,0,0,116,0,0,11,0,0,0,0,0,11,21,4,14,13,18,0,24,0,0,0,0,0,0,0,0,0,0,0,0,0,0,0,0,0,164,0,13,0,23,32,0,16,0,55,0,3,0,20,0,2,0,212,4,0,29,0,42,10,5,1,11,10,20,36,19,18,0,7,23309,807,651,773,906,885,972,986,985,787,2123,2632,3788,2692,1572,1707,1043,500,8,13,29,62,32,28,51,22,58,14,14,73,50,28,11,7,78,8,0,0,0,21,0,36,143,112,60,131,28,73,78,11,7,500,190,68,131,28,0,99,11,43,643
"8","55023","Crawford County, Wisconsin",6542,363,281,479,416,373,312,394,298,270,545,763,896,490,248,183,231,14,0,2,3,0,3,0,0,0,5,0,0,0,1,0,0,0,7,0,3,0,2,0,0,0,0,0,0,0,0,0,0,0,2,15,0,0,0,0,0,0,0,0,0,0,0,0,0,0,15,0,0,0,0,0,0,0,0,0,0,0,0,0,0,0,0,0,0,0,0,0,0,0,0,0,0,0,0,0,0,0,0,0,0,0,98,1,0,9,16,0,7,8,13,3,19,2,10,0,0,0,10,6494,360,281,479,413,363,302,394,292,270,541,763,891,486,245,183,231,60,3,0,4,4,10,10,0,9,4,4,0,5,4,3,0,0,5,3,5,0,0,1,0,0,14,11,20,13,4,5,7,0,0,60,16,23,18,4,0,8,0,0,74
"9","55027","Dodge County, Wisconsin",33470,1078,1241,1336,1138,1487,1979,1648,1899,1487,2713,3961,5781,3670,1843,1365,844,392,45,0,23,0,94,21,76,0,11,0,57,27,0,38,0,0,95,1,0,0,0,5,0,0,7,0,1,29,32,19,1,0,0,180,0,0,8,4,12,6,0,0,0,15,14,17,33,5,0,66,0,0,0,0,0,0,0,0,0,0,0,0,0,0,0,0,0,171,1,0,21,16,4,0,16,8,0,33,34,29,8,0,1,0,699,14,0,0,5,6,35,37,32,11,52,176,176,81,14,58,2,32680,1028,1231,1282,1101,1472,1896,1620,1843,1430,2622,3872,5657,3628,1825,1346,827,1088,53,10,75,53,19,83,44,97,57,108,126,254,50,18,19,22,68,115,87,57,27,38,0,0,392,191,102,198,234,254,68,19,22,1088,259,217,285,291,54,106,19,22,1480
"10","55029","Door County, Wisconsin",13058,566,367,451,512,646,789,624,538,590,1147,1810,1637,1438,688,584,671,55,0,0,0,0,0,0,0,33,0,0,0,22,0,0,0,0,104,1,0,0,0,0,0,38,0,0,0,61,0,4,0,0,0,42,0,0,0,0,0,0,0,0,0,1,0,2,12,1,0,26,0,0,0,0,0,0,0,0,0,0,0,0,0,0,0,0,0,56,7,12,9,6,0,3,0,0,0,3,0,0,0,16,0,0,114,0,12,25,0,0,9,0,26,0,15,3,20,0,0,4,0,12825,535,367,442,505,646,783,620,512,578,1139,1706,1621,1436,688,584,663,310,38,12,9,13,0,9,4,59,12,8,104,16,2,16,0,8,0,0,33,0,22,0,0,0,55,72,9,75,112,16,18,0,8,310,72,9,108,112,44,18,0,8,365
"11","55033","Dunn County, Wisconsin",16540,885,827,830,631,770,876,589,711,765,1395,1835,2391,1722,891,875,547,66,38,16,3,0,0,0,0,0,0,0,0,9,0,0,0,0,28,0,0,0,0,0,15,0,0,0,0,4,9,0,0,0,0,281,30,8,5,7,0,0,24,0,6,17,13,17,53,8,72,21,0,0,0,0,0,0,0,0,0,0,0,0,0,0,0,0,0,40,1,0,0,0,3,4,0,0,0,0,11,17,3,1,0,0,169,12,13,12,38,32,15,4,0,0,8,20,8,0,3,0,4,16395,885,805,821,631,748,852,577,711,764,1382,1835,2376,1702,891,868,547,231,1,22,9,38,25,36,12,0,1,13,12,35,20,0,7,0,57,0,0,0,9,0,0,0,66,70,61,13,25,35,20,7,0,231,127,61,13,25,18,20,7,0,297
"12","55035","Eau Claire County, Wisconsin",39157,1762,2108,1496,1641,1703,1878,1846,1619,1464,3016,4572,5625,4641,2247,1944,1595,292,0,65,0,0,0,0,13,9,65,10,18,37,64,2,9,0,137,0,46,24,1,0,0,0,0,0,0,38,10,0,18,0,0,1123,32,39,32,59,31,32,50,58,185,60,33,246,197,10,30,29,65,0,0,0,0,0,0,0,0,0,0,0,0,0,65,0,0,43,0,0,3,0,2,0,0,0,5,0,0,11,0,0,4,18,785,19,49,27,50,0,67,67,30,16,13,174,77,106,20,0,70,38715,1754,2097,1439,1617,1663,1720,1846,1601,1454,3016,4545,5603,4607,2247,1911,1595,597,19,16,60,27,42,158,0,31,10,0,101,33,50,0,33,17,65,0,87,28,37,66,9,0,292,122,200,41,101,33,50,33,17,597,187,200,128,129,74,116,42,17,889
"13","55039","Fond du Lac County, Wisconsin",39545,1236,1543,1323,1799,1675,1632,1822,1651,2043,3701,4625,6096,4373,2786,2023,1217,391,45,11,18,27,10,8,0,0,50,38,64,28,35,52,5,0,132,2,0,8,0,14,12,0,0,0,0,19,4,33,0,0,40,351,48,0,0,19,0,0,10,21,0,8,18,93,11,3,118,2,10,0,0,0,0,2,0,0,0,0,0,8,0,0,0,0,0,854,8,0,0,3,34,105,8,0,0,6,80,20,565,0,0,25,607,32,20,110,109,2,8,11,19,65,9,83,14,9,16,17,83,38744,1185,1401,1308,1789,1641,1591,1822,1651,2029,3576,4430,6017,4327,2784,1980,1213,1289,97,142,88,46,68,143,8,1,31,131,275,98,82,7,43,29,101,18,50,102,28,87,5,0,391,373,211,40,406,98,89,43,29,1289,474,229,90,508,56,176,48,29,1680
"14","55041","Forest County, Wisconsin",3218,168,201,162,203,154,212,200,157,230,256,380,416,230,91,90,68,6,0,0,0,0,0,0,0,0,0,0,6,0,0,0,0,0,523,88,35,63,21,22,32,3,12,10,74,36,84,21,12,6,4,16,5,0,0,0,0,0,0,0,0,0,5,6,0,0,0,0,0,0,0,0,0,0,0,0,0,0,0,0,0,0,0,0,0,62,0,0,2,0,0,0,0,0,46,14,0,0,0,0,0,0,104,0,24,0,0,0,0,3,4,0,29,4,9,14,13,4,0,3164,168,176,162,203,154,192,200,157,230,256,371,416,230,91,90,68,84,0,25,0,0,0,20,0,0,0,30,9,0,0,0,0,0,0,0,0,6,0,0,0,0,6,25,20,0,39,0,0,0,0,84,25,20,0,45,0,0,0,0,90
"15","55045","Green County, Wisconsin",14940,644,503,644,734,517,644,490,772,573,1107,1857,2256,1529,967,996,707,45,0,0,0,0,9,33,0,0,0,0,2,0,0,1,0,0,19,0,0,0,0,0,2,0,7,0,0,0,0,9,1,0,0,24,0,0,0,0,0,0,0,0,0,0,5,16,0,3,0,0,0,0,0,0,0,0,0,0,0,0,0,0,0,0,0,0,0,34,0,0,0,0,2,0,0,0,6,0,1,0,9,10,6,0,178,14,0,1,4,0,26,0,0,1,6,3,21,87,13,1,1,14739,644,503,636,722,504,575,490,743,573,1101,1851,2243,1524,967,972,691,244,0,0,8,13,13,69,0,29,6,6,7,13,14,20,30,16,0,42,0,2,0,1,0,0,45,21,82,35,13,13,34,30,16,244,21,124,35,15,0,35,30,16,289
"16","55047","Green Lake County, Wisconsin",7753,320,470,334,405,386,344,300,417,343,699,875,1101,854,357,286,262,40,8,0,0,0,0,1,0,0,0,8,23,0,0,0,0,0,26,7,2,0,0,0,0,0,0,0,0,0,0,0,4,11,2,26,0,0,0,0,0,0,0,0,0,0,0,0,14,0,12,0,0,0,0,0,0,0,0,0,0,0,0,0,0,0,0,0,0,42,1,0,0,0,7,0,0,1,14,0,4,15,0,0,0,0,137,25,1,0,0,0,4,0,22,36,24,8,11,0,6,0,0,7582,317,470,334,399,379,337,295,417,340,686,810,1075,832,357,272,262,255,4,0,0,6,14,12,5,20,27,13,77,41,22,0,14,0,8,1,0,31,0,0,0,0,40,10,26,52,90,41,22,14,0,255,18,27,52,121,0,22,14,0,295
"17","55051","Iron County, Wisconsin",2778,163,199,195,141,175,203,167,116,150,252,283,321,195,120,66,32,3,0,0,0,0,0,0,0,0,0,0,0,0,0,0,0,3,27,0,0,4,0,7,0,0,6,8,0,2,0,0,0,0,0,13,0,0,0,0,3,0,0,0,0,0,0,0,3,0,0,7,0,0,0,0,0,0,0,0,0,0,0,0,0,0,0,0,0,6,0,0,0,0,0,0,0,0,0,0,0,0,6,0,0,0,32,6,3,4,0,5,0,0,9,0,4,0,1,0,0,0,0,2758,163,199,192,141,173,203,167,116,150,237,283,321,195,120,66,32,32,0,0,3,0,7,0,0,0,0,15,0,1,6,0,0,0,0,0,0,0,0,0,0,3,3,3,7,0,15,1,6,0,0,32,3,7,0,15,0,6,0,3,35
"18","55053","Jackson County, Wisconsin",7683,340,457,495,371,313,370,341,378,373,705,938,1051,713,313,333,192,22,0,0,0,0,0,0,0,0,0,4,18,0,0,0,0,0,361,41,26,13,31,46,22,4,30,11,20,71,18,13,7,4,4,8,0,0,0,0,0,0,0,0,0,0,4,4,0,0,0,0,2,0,0,0,0,0,0,0,0,0,2,0,0,0,0,0,0,32,0,1,0,8,0,2,0,0,0,4,4,1,0,2,5,5,138,19,4,12,4,0,10,0,12,4,2,39,8,17,2,0,5,7615,339,457,495,371,303,345,341,376,371,690,935,1048,713,313,326,192,111,1,0,12,8,10,25,0,5,2,19,11,4,0,2,7,5,0,0,0,22,0,0,0,0,22,21,35,7,30,4,2,7,5,111,21,35,7,52,0,2,7,5,133
"19","55057","Juneau County, Wisconsin",10350,546,615,527,489,445,525,472,578,545,1022,1255,1512,903,330,307,279,75,0,18,10,5,0,0,0,28,0,1,4,9,0,0,0,0,83,7,1,2,4,0,3,15,6,0,7,14,10,9,3,0,2,16,0,0,0,0,0,0,0,0,0,0,0,6,2,3,0,5,0,0,0,0,0,0,0,0,0,0,0,0,0,0,0,0,0,71,0,0,0,0,0,4,23,3,20,4,14,3,0,0,0,0,184,0,11,0,18,0,10,9,9,25,29,12,35,11,0,13,2,10265,546,615,519,482,442,518,468,578,537,1018,1241,1501,897,322,307,274,206,0,0,8,25,3,11,27,3,53,6,28,18,11,8,0,5,33,0,28,5,9,0,0,0,75,33,14,83,34,18,19,0,5,206,66,14,111,39,18,19,0,5,281
"20","55059","Kenosha County, Wisconsin",56576,2672,1685,2175,2449,2236,2508,2421,1955,1946,4223,6072,8390,5415,4787,4371,3271,3648,476,306,211,454,148,325,113,121,129,201,306,389,169,138,76,86,214,22,37,0,30,0,0,10,18,0,17,21,39,5,13,0,2,909,33,41,28,65,16,105,26,35,32,44,66,71,100,31,109,107,44,0,0,0,17,0,0,20,0,0,0,0,0,6,0,0,1,1172,70,30,9,100,0,81,80,18,156,176,128,104,46,49,66,59,2032,73,77,30,53,67,82,30,170,55,561,195,280,209,23,50,77,53067,2504,1505,2115,2246,2079,2284,2252,1871,1754,3950,5638,7706,5154,4626,4199,3184,5637,256,228,75,318,224,330,276,267,387,665,579,916,456,210,278,172,1447,473,363,507,389,307,76,86,3648,877,554,930,1244,916,666,278,172,5637,2324,1027,1293,1751,778,973,354,258,9285
"21","55063","La Crosse County, Wisconsin",45064,2027,1826,1910,1955,2196,2169,2215,2041,1995,3769,5146,5924,4255,2745,2262,2629,560,68,64,68,0,0,75,41,0,23,31,13,130,27,0,0,20,133,8,0,0,37,0,0,0,0,0,64,8,0,14,2,0,0,1570,288,0,0,197,0,35,100,88,32,159,222,196,44,80,103,26,0,0,0,0,0,0,0,0,0,0,0,0,0,0,0,0,0,223,36,0,0,0,5,20,51,14,56,5,16,1,10,0,0,9,555,55,20,34,30,0,7,13,40,21,49,148,76,11,38,13,0,44664,2009,1826,1893,1955,2196,2080,2205,2020,1918,3742,5132,5909,4223,2703,2224,2629,676,81,20,17,8,5,109,67,35,133,32,14,24,42,42,38,9,200,75,64,44,130,27,0,20,560,126,114,235,46,24,84,38,9,676,326,189,299,90,260,111,38,29,1236
"22","55065","Lafayette County, Wisconsin",6634,348,333,292,309,308,274,266,283,296,551,879,1062,590,367,308,168,26,0,0,0,0,0,11,0,3,0,8,0,0,4,0,0,0,20,0,0,0,0,0,0,0,0,0,0,9,11,0,0,0,0,21,0,0,0,0,0,0,0,7,0,2,12,0,0,0,0,0,0,0,0,0,0,0,0,0,0,0,0,0,0,0,0,0,0,25,0,0,0,0,0,6,5,0,0,6,0,4,3,0,1,0,51,5,1,0,13,1,0,0,0,0,4,9,12,5,0,1,0,6549,348,333,283,309,299,260,257,283,295,545,866,1040,590,365,308,168,138,0,0,9,10,9,20,14,0,1,16,15,38,3,2,1,0,0,11,3,8,0,4,0,0,26,19,29,15,31,38,5,1,0,138,19,40,18,39,0,9,1,0,164
"23","55069","Lincoln County, Wisconsin",12434,517,708,580,554,583,598,581,580,541,1060,1432,1965,1259,758,422,296,23,0,0,0,0,0,0,0,2,0,0,21,0,0,0,0,0,31,0,0,0,20,0,0,0,0,0,7,1,0,0,3,0,0,32,1,0,10,12,0,0,0,0,0,0,0,0,1,0,0,8,0,0,0,0,0,0,0,0,0,0,0,0,0,0,0,0,0,6,0,0,0,0,0,0,0,0,0,0,5,0,0,0,0,1,128,0,0,13,1,0,0,10,14,1,2,13,16,28,11,19,0,12328,517,708,566,540,583,585,581,580,541,1047,1402,1963,1244,753,422,296,134,0,0,14,14,0,13,0,2,0,13,44,2,17,5,10,0,0,0,2,21,0,0,0,0,23,28,13,2,57,2,22,10,0,134,28,13,4,78,0,22,10,0,157
"24","55071","Manitowoc County, Wisconsin",32976,1091,1421,1485,1823,1558,1466,1600,1853,1504,2833,3917,4981,3354,1672,1339,1079,206,27,26,44,0,21,7,37,0,0,19,25,0,0,0,0,0,131,27,3,5,0,38,1,0,0,4,4,27,7,9,0,0,6,618,9,102,9,0,85,10,40,14,61,32,75,73,47,12,49,0,0,0,0,0,0,0,0,0,0,0,0,0,0,0,0,0,0,67,7,0,0,10,0,8,0,7,0,0,1,34,0,0,0,0,437,36,3,4,17,18,51,15,49,37,16,66,34,66,20,5,0,32337,1065,1373,1483,1754,1532,1456,1512,1753,1439,2791,3859,4912,3325,1672,1333,1078,931,85,48,51,79,36,18,94,150,99,45,85,98,36,0,6,1,97,28,37,44,0,0,0,0,206,263,54,343,130,98,36,6,1,931,360,82,380,174,0,36,6,1,1137
"25","55075","Marinette County, Wisconsin",18288,941,971,1375,936,965,740,834,1086,765,1821,2311,2351,1551,645,583,413,79,40,0,0,0,0,6,0,0,0,0,0,33,0,0,0,0,63,9,21,0,0,2,5,0,0,0,16,6,2,0,2,0,0,49,0,7,0,0,1,0,0,0,0,0,1,18,6,5,0,11,0,0,0,0,0,0,0,0,0,0,0,0,0,0,0,0,0,88,0,0,0,57,0,23,3,0,0,5,0,0,0,0,0,0,302,0,6,1,9,49,20,20,12,0,5,16,14,118,15,0,17,18173,941,967,1375,907,945,728,832,1086,765,1821,2308,2344,1543,630,583,398,219,0,6,0,86,20,34,5,0,0,7,3,20,8,15,0,15,40,6,0,0,33,0,0,0,79,92,54,5,10,20,23,0,15,219,132,60,5,10,66,23,0,15,298
"26","55077","Marquette County, Wisconsin",6594,288,266,316,368,362,421,367,380,284,565,787,953,594,312,241,90,14,0,0,0,0,3,4,0,0,1,0,6,0,0,0,0,0,44,6,9,0,3,0,0,3,0,0,9,9,5,0,0,0,0,28,7,0,0,0,0,0,0,0,0,0,0,0,15,6,0,0,0,0,0,0,0,0,0,0,0,0,0,0,0,0,0,0,0,28,0,0,0,4,8,0,0,0,12,0,0,4,0,0,0,0,62,0,3,19,0,3,3,7,0,8,4,7,5,3,0,0,0,6492,288,263,310,368,340,421,364,362,275,552,787,935,592,304,241,90,137,0,3,6,4,30,0,3,18,21,22,0,20,2,8,0,0,0,7,1,6,0,0,0,0,14,13,30,42,22,20,10,0,0,137,13,37,43,28,0,10,0,0,151
"27","55079","Milwaukee County, Wisconsin",242929,12048,9983,10143,10269,10981,10773,10059,10901,9825,19697,25985,34863,23970,15399,15084,12949,95438,13739,10730,7671,7045,6211,5687,5480,5009,4415,5822,8559,7003,4227,1735,1235,870,2075,211,104,182,162,44,164,82,126,46,159,325,245,65,34,87,39,12388,1007,483,557,770,275,629,361,578,366,1134,1576,1366,1055,755,895,581,52,0,0,15,0,0,0,0,2,0,0,0,16,10,0,9,0,18920,1624,911,1018,1661,1047,1099,1263,1083,1045,1773,2262,1728,989,762,250,405,11901,865,691,695,876,711,761,517,540,663,948,1155,1256,907,422,438,456,223822,10789,8886,9064,9012,9608,9433,8719,9973,8993,18252,24078,32549,22576,14821,14514,12555,42564,3119,2425,2307,3054,2708,2749,2843,2346,2294,3635,4643,4505,2743,1381,961,851,39185,11898,14904,14381,7003,5962,1235,870,95438,10905,5457,7483,8278,4505,4124,961,851,42564,50090,17355,22387,22659,14006,10086,2196,1721,138002
"28","55081","Monroe County, Wisconsin",17100,534,799,687,839,788,926,675,1043,935,1303,2143,2537,1564,976,825,526,212,8,7,10,27,8,0,0,8,2,0,13,48,49,15,4,13,134,12,3,4,0,14,6,3,23,5,17,1,27,8,9,2,0,72,0,0,0,0,0,0,0,3,0,30,0,5,0,7,0,27,0,0,0,0,0,0,0,0,0,0,0,0,0,0,0,0,0,340,5,0,15,1,9,0,16,39,17,34,83,36,37,5,14,29,167,1,13,1,1,2,0,14,8,17,6,23,35,3,21,18,4,16933,534,779,678,832,776,900,665,1043,911,1296,2122,2527,1551,976,824,519,517,6,20,13,8,21,26,26,39,41,31,104,51,50,30,15,36,52,8,10,13,48,64,4,13,212,47,47,106,135,51,80,15,36,517,99,55,116,148,96,144,19,49,729
"29","55083","Oconto County, Wisconsin",15762,595,544,690,700,801,649,660,713,653,1252,1879,2628,1865,979,680,474,52,0,0,0,13,24,0,0,0,0,0,7,0,8,0,0,0,178,35,3,0,21,2,0,1,3,16,16,60,11,10,0,0,0,15,0,10,0,5,0,0,0,0,0,0,0,0,0,0,0,0,0,0,0,0,0,0,0,0,0,0,0,0,0,0,0,0,0,5,0,0,0,0,2,0,0,0,0,3,0,0,0,0,0,0,271,3,26,17,0,21,31,0,3,2,14,79,64,3,8,0,0,15650,592,542,666,700,797,649,657,713,653,1241,1831,2625,1855,979,676,474,175,3,11,24,0,27,0,3,0,16,14,48,15,10,0,4,0,13,24,0,7,0,8,0,0,52,38,27,19,62,15,10,4,0,175,51,51,19,69,0,18,4,0,227
"30","55087","Outagamie County, Wisconsin",69384,1677,2216,2551,2924,2990,3032,2656,3118,2788,5679,7940,10751,7788,4828,5119,3327,662,78,0,53,4,37,88,11,17,0,19,191,72,67,13,12,0,914,113,25,8,68,47,41,48,34,0,165,134,127,37,42,10,15,1746,36,59,34,114,19,31,40,96,112,90,183,363,68,169,133,199,9,0,0,0,0,0,0,0,0,9,0,0,0,0,0,0,0,873,7,86,72,68,63,33,66,27,148,27,101,32,109,13,0,21,1009,116,49,6,0,65,82,33,23,44,119,149,128,103,26,34,32,68340,1652,2169,2501,2862,2967,2971,2601,3030,2785,5561,7838,10508,7737,4801,5079,3278,2175,32,151,139,130,113,154,138,120,153,150,261,313,169,51,40,61,135,125,28,210,72,80,12,0,662,452,267,411,411,313,220,40,61,2175,587,392,439,621,144,300,52,61,2837
"31","55089","Ozaukee County, Wisconsin",34497,988,775,893,955,1137,1591,1128,1361,1215,2125,3037,4891,3546,2789,3545,4521,449,74,21,17,40,7,49,29,23,0,12,18,12,8,7,30,102,106,0,12,0,0,7,0,4,0,0,0,39,18,6,0,20,0,501,0,24,0,0,0,10,5,10,0,0,73,36,62,25,137,119,6,0,0,0,6,0,0,0,0,0,0,0,0,0,0,0,0,123,0,0,0,9,0,10,0,0,11,0,0,56,0,17,0,20,484,5,0,23,3,31,5,23,10,38,55,97,80,12,18,27,57,34098,988,763,893,955,1114,1578,1108,1328,1215,2117,3027,4847,3512,2771,3421,4461,579,0,12,16,9,23,23,20,33,11,8,27,101,34,35,147,80,152,56,52,30,12,15,30,102,449,37,46,64,35,101,69,147,80,579,189,102,116,65,24,84,177,182,1028
"32","55093","Pierce County, Wisconsin",15465,454,375,463,477,549,527,876,539,546,1234,1744,2356,1887,1322,1236,880,75,17,12,0,0,0,4,19,0,0,0,1,5,16,0,0,1,20,0,0,0,0,0,0,0,0,5,0,5,3,0,0,0,7,28,0,0,0,0,0,0,5,0,0,0,12,0,10,0,0,1,2,2,0,0,0,0,0,0,0,0,0,0,0,0,0,0,0,62,0,0,0,0,2,0,0,2,47,0,2,8,1,0,0,0,204,34,0,0,18,2,3,0,21,0,7,11,46,16,9,18,19,15338,452,372,463,477,549,518,857,539,543,1206,1741,2334,1886,1318,1203,880,200,4,8,0,0,2,9,19,0,50,28,8,30,5,4,33,0,29,4,19,1,5,16,0,1,75,12,11,69,36,30,9,33,0,200,41,15,88,37,10,25,33,1,275
"33","55095","Polk County, Wisconsin",18247,675,899,839,872,709,873,711,958,735,1574,2090,2724,1679,1135,1247,527,27,0,0,0,0,0,0,0,0,0,0,7,4,5,8,3,0,115,11,16,10,29,8,3,7,3,5,1,6,8,2,2,4,0,32,0,0,0,0,0,7,0,0,0,5,0,11,3,6,0,0,0,0,0,0,0,0,0,0,0,0,0,0,0,0,0,0,0,49,6,0,13,0,0,0,4,0,0,0,0,13,12,0,0,1,177,21,10,5,4,0,2,6,17,4,5,24,47,19,3,1,9,18098,660,899,839,866,706,864,701,958,727,1570,2077,2684,1648,1135,1240,524,195,29,0,1,6,3,9,14,0,8,4,13,50,47,0,8,3,0,0,0,7,4,13,3,0,27,36,12,22,17,50,47,8,3,195,36,12,22,24,8,60,11,3,222
"34","55099","Price County, Wisconsin",6385,384,320,400,412,348,282,329,398,356,659,748,779,507,171,192,100,30,0,24,0,0,0,0,6,0,0,0,0,0,0,0,0,0,75,0,0,0,3,0,3,10,18,0,35,3,3,0,0,0,0,39,0,0,0,10,0,4,15,0,0,2,0,8,0,0,0,0,67,0,0,0,0,0,0,0,0,0,67,0,0,0,0,0,0,32,0,0,0,0,0,0,14,0,0,10,1,7,0,0,0,0,48,10,1,0,0,2,0,0,9,0,1,0,8,1,6,6,4,6330,345,319,400,410,347,282,329,396,356,659,743,778,505,169,192,100,92,39,2,0,2,1,0,14,2,0,10,6,8,2,2,0,4,24,0,6,0,0,0,0,0,30,43,1,16,16,8,4,0,4,92,67,1,22,16,0,4,0,4,122
"35","55101","Racine County, Wisconsin",64667,2183,2091,2466,2526,2704,2947,2317,2467,2932,5598,6877,9167,7048,5036,5015,3293,8443,1818,741,670,858,499,408,393,477,305,396,612,776,263,121,67,39,472,0,0,18,0,10,38,21,24,37,34,42,128,0,8,76,36,835,221,30,0,10,1,61,18,21,0,11,40,41,17,90,99,175,16,0,0,0,0,0,0,0,0,0,0,13,0,3,0,0,0,1538,14,93,12,153,66,119,125,72,95,139,148,161,92,110,45,94,1677,122,172,30,48,144,226,126,171,0,69,141,202,70,53,60,43,59677,1929,2006,2250,2241,2320,2687,1977,2198,2703,5044,6148,8602,6611,4945,4810,3206,7487,372,323,228,444,513,583,519,435,369,733,939,836,582,222,293,96,4087,907,1175,1008,776,384,67,39,8443,1367,1096,1323,1672,836,804,293,96,7487,5454,2003,2498,2680,1552,1188,360,135,15930
"36","55105","Rock County, Wisconsin",58808,2279,2879,2967,2703,2770,2881,2186,2412,3102,4649,6898,8807,5673,3448,3415,1739,2955,248,349,205,133,227,107,137,188,209,259,276,271,132,101,99,14,207,0,14,0,0,0,32,0,29,9,28,72,17,0,0,0,6,507,92,17,30,6,0,0,1,23,0,33,105,90,40,38,6,26,7,0,0,0,7,0,0,0,0,0,0,0,0,0,0,0,0,1842,69,51,121,198,57,71,105,77,231,77,184,267,227,66,38,3,911,160,119,72,2,23,15,33,109,19,9,130,149,27,0,30,14,57576,2183,2801,2820,2600,2721,2706,2129,2379,3049,4550,6811,8668,5591,3444,3390,1734,3176,249,194,307,210,106,246,122,117,284,176,302,406,310,70,63,14,935,334,534,535,271,233,99,14,2955,960,352,523,478,406,380,63,14,3176,1895,686,1057,1013,542,613,162,28,6131
"37","55107","Rusk County, Wisconsin",6183,249,343,355,379,438,384,299,355,341,665,775,676,368,314,146,96,39,13,14,0,5,2,0,0,0,0,0,5,0,0,0,0,0,8,0,0,0,0,0,3,0,0,0,0,2,3,0,0,0,0,16,2,14,0,0,0,0,0,0,0,0,0,0,0,0,0,0,7,0,0,0,0,0,7,0,0,0,0,0,0,0,0,0,0,28,2,0,0,0,0,17,6,0,0,0,0,0,3,0,0,0,133,12,9,1,2,0,4,3,7,10,9,26,13,20,4,13,0,6109,249,343,355,379,422,384,296,355,341,614,775,676,366,312,146,96,100,2,14,0,0,16,0,10,0,0,51,0,0,5,2,0,0,32,2,0,5,0,0,0,0,39,16,16,10,51,0,7,0,0,100,48,18,10,56,0,7,0,0,139
"38","55111","Sauk County, Wisconsin",25557,1059,903,1387,964,1303,1275,1088,1103,973,2154,3218,3664,2794,1524,1252,896,126,0,4,33,2,0,0,0,0,16,2,0,67,1,0,0,1,292,4,40,0,38,3,37,11,13,14,12,16,52,45,4,0,3,110,2,0,5,10,0,0,0,17,0,9,7,8,0,5,0,47,11,11,0,0,0,0,0,0,0,0,0,0,0,0,0,0,0,287,0,0,0,0,0,7,121,3,0,6,88,0,48,2,5,7,368,11,0,0,116,15,0,0,9,21,21,36,66,34,23,16,0,25169,1029,903,1344,964,1300,1273,1059,1094,963,2122,3176,3627,2733,1448,1248,886,783,41,0,50,2,3,9,150,9,13,38,161,96,109,78,7,17,39,0,16,2,67,1,0,1,126,93,12,172,199,96,187,7,17,783,132,12,188,201,134,188,7,18,909
"39","55113","Sawyer County, Wisconsin",6290,283,305,304,317,350,370,223,359,275,424,887,859,475,381,200,278,17,0,0,0,0,4,0,0,0,0,0,0,0,0,0,13,0,1298,204,101,141,127,82,89,47,39,45,51,127,172,29,27,13,4,64,0,1,0,0,0,0,3,0,0,0,0,40,0,11,8,1,5,5,0,0,0,0,0,0,0,0,0,0,0,0,0,0,0,5,0,0,0,5,0,0,0,0,0,0,0,0,0,0,0,0,214,21,39,42,2,5,10,13,14,1,12,20,11,13,2,5,4,6266,279,298,299,317,350,369,223,359,275,417,887,859,475,381,200,278,162,9,7,34,5,0,9,0,0,0,7,0,91,0,0,0,0,0,4,0,0,0,0,13,0,17,55,9,0,7,91,0,0,0,162,55,13,0,7,0,0,13,0,179
"40","55115","Shawano County, Wisconsin",15470,501,760,792,814,808,737,663,701,718,1431,1805,2518,1491,767,531,433,28,0,0,0,0,0,0,0,0,0,0,28,0,0,0,0,0,1123,84,70,92,25,75,68,57,47,49,56,133,130,154,24,17,42,26,0,0,11,0,0,0,0,0,0,6,0,9,0,0,0,0,0,0,0,0,0,0,0,0,0,0,0,0,0,0,0,0,0,57,21,12,0,0,0,0,0,0,0,24,0,0,0,0,0,0,449,8,27,18,96,14,48,44,25,22,42,54,36,2,10,1,2,15266,491,732,778,804,773,728,656,699,718,1401,1765,2507,1491,767,523,433,290,13,35,15,10,37,9,33,2,15,60,40,12,0,1,8,0,0,0,0,28,0,0,0,0,28,73,46,50,100,12,1,8,0,290,73,46,50,128,0,1,8,0,318
"41","55117","Sheboygan County, Wisconsin",44337,1373,1498,1554,2124,1965,2364,2101,2133,2153,3909,5224,6515,4604,2931,2197,1692,585,13,17,55,71,99,71,48,46,0,32,78,47,0,0,0,8,119,0,7,5,0,0,6,0,9,0,0,0,13,0,39,39,1,1551,20,109,66,0,46,130,108,32,32,238,168,291,223,44,42,2,0,0,0,0,0,0,0,0,0,0,0,0,0,0,0,0,0,424,6,8,27,0,0,57,31,27,0,89,43,62,39,26,0,9,738,9,154,3,10,1,45,107,32,28,72,137,67,40,6,12,15,43095,1366,1455,1528,2071,1850,2205,1988,2068,2118,3724,5155,6367,4458,2875,2183,1684,1984,13,141,58,53,127,249,190,96,35,334,145,242,187,82,14,18,156,170,94,110,47,0,0,8,585,265,376,321,479,242,269,14,18,1984,421,546,415,589,94,269,14,26,2569
"42","55119","Taylor County, Wisconsin",8436,512,450,437,326,483,398,405,511,426,762,853,1247,599,460,316,251,0,0,0,0,0,0,0,0,0,0,0,0,0,0,0,0,0,11,0,0,0,0,1,0,0,0,2,2,1,5,0,0,0,0,18,0,0,0,0,0,0,0,0,0,0,4,0,0,14,0,0,13,0,0,0,0,0,0,0,0,13,0,0,0,0,0,0,0,5,0,0,0,0,0,0,0,0,1,0,4,0,0,0,0,0,140,3,45,4,4,1,0,19,10,24,3,3,21,3,0,0,0,8350,512,447,433,317,483,395,405,497,418,756,840,1234,599,450,313,251,140,0,3,4,9,1,3,16,21,33,8,16,13,0,10,3,0,0,0,0,0,0,0,0,0,0,16,4,70,24,13,10,3,0,140,16,4,70,24,0,10,3,0,140
"43","55121","Trempealeau County, Wisconsin",11710,382,518,446,506,546,719,488,565,434,1227,1448,1877,1021,630,550,353,38,7,0,4,0,23,0,0,0,0,2,0,2,0,0,0,0,12,0,0,1,0,0,0,0,0,0,0,9,0,0,2,0,0,31,0,0,0,0,0,0,0,0,0,0,6,21,4,0,0,0,2,2,0,0,0,0,0,0,0,0,0,0,0,0,0,0,0,315,0,6,0,20,45,32,60,7,25,41,24,42,9,4,0,0,35,0,0,2,0,0,0,1,0,0,4,8,10,6,0,4,0,11553,373,512,446,503,542,675,484,564,430,1205,1435,1864,1005,618,547,350,483,11,12,0,18,59,76,65,8,29,63,37,56,27,16,3,3,11,23,0,2,2,0,0,0,38,41,135,102,100,56,43,3,3,483,52,158,102,102,4,43,3,3,521
"44","55123","Vernon County, Wisconsin",11834,690,743,772,550,582,549,538,640,397,1024,1283,1581,1090,689,379,327,21,1,10,0,6,0,0,0,0,0,0,0,4,0,0,0,0,18,6,0,5,0,0,0,0,0,0,0,0,7,0,0,0,0,18,0,0,5,0,0,2,0,4,0,0,0,0,5,0,0,2,0,0,0,0,0,0,0,0,0,0,0,0,0,0,0,0,0,66,2,0,0,12,9,0,20,0,0,0,7,0,11,5,0,0,189,15,15,4,4,3,0,0,0,50,12,4,46,14,14,6,2,11780,688,743,772,550,582,549,538,640,393,1024,1282,1547,1090,677,379,326,121,7,0,4,9,11,0,20,0,4,0,11,34,3,17,0,1,17,0,0,0,4,0,0,0,21,20,11,24,11,34,20,0,1,121,37,11,24,11,8,20,0,1,142
"45","55125","Vilas County, Wisconsin",9646,368,392,393,558,634,643,488,513,522,781,1077,1367,655,377,395,483,7,0,0,0,0,0,0,0,0,0,0,0,0,0,7,0,0,1046,175,109,75,152,45,34,14,165,25,50,86,59,24,29,4,0,34,0,17,0,0,0,0,0,0,17,0,0,0,0,0,0,0,5,0,0,0,0,5,0,0,0,0,0,0,0,0,0,0,0,0,0,0,0,0,0,0,0,0,0,0,0,0,0,0,0,0,179,4,0,14,13,40,15,1,23,0,1,18,29,20,1,0,0,9589,368,392,389,546,634,635,488,513,512,781,1074,1358,648,377,393,481,78,0,0,4,20,0,8,0,0,10,5,3,13,10,1,2,2,0,0,0,0,0,7,0,0,7,24,8,10,8,13,11,2,2,78,24,8,10,8,0,18,2,2,85
"46","55127","Walworth County, Wisconsin",38704,1740,1349,1468,1596,1349,1694,1610,1746,1655,2935,4582,5774,3950,2594,2541,2121,347,78,21,23,0,77,0,30,0,0,20,87,0,11,0,0,0,175,0,0,19,0,5,0,0,0,0,82,0,69,0,0,0,0,259,37,23,0,19,8,0,9,16,0,27,29,41,4,44,2,0,1,0,0,0,0,0,0,0,0,0,0,1,0,0,0,0,0,920,2,59,2,35,40,22,28,20,39,28,150,112,123,99,94,67,1008,98,36,30,56,39,43,18,117,19,55,197,34,95,87,70,14,37171,1671,1335,1433,1550,1321,1638,1538,1605,1548,2760,4297,5620,3775,2532,2488,2060,3038,168,93,76,125,107,121,104,233,165,289,449,279,347,178,185,119,122,77,30,107,0,11,0,0,347,462,228,502,738,279,525,185,119,3038,584,305,532,845,0,536,185,119,3385
"47","55129","Washburn County, Wisconsin",7009,354,419,310,313,470,454,283,408,321,647,678,1012,611,349,238,142,5,0,0,0,0,0,0,5,0,0,0,0,0,0,0,0,0,77,17,17,2,0,0,4,11,4,5,2,3,4,4,2,2,0,12,2,0,0,0,1,0,0,0,0,0,0,0,9,0,0,0,0,0,0,0,0,0,0,0,0,0,0,0,0,0,0,0,0,37,17,0,0,0,0,0,4,0,0,14,0,0,1,1,0,0,150,11,0,11,27,13,4,1,1,15,20,2,31,9,0,0,5,6959,354,418,310,313,447,453,283,408,321,647,678,999,606,342,238,142,89,34,1,0,0,23,1,0,0,0,3,0,13,6,7,0,1,0,0,5,0,0,0,0,0,5,35,24,0,3,13,13,0,1,89,35,24,5,3,0,13,0,1,94
"48","55131","Washington County, Wisconsin",52892,1367,1118,1345,1745,1914,1832,1515,2170,2383,3585,5437,8767,6471,4335,5174,3734,607,50,93,0,27,0,0,40,39,0,125,89,20,82,28,9,5,107,0,0,0,0,31,0,0,14,0,14,17,24,7,0,0,0,514,0,0,0,6,3,0,9,12,11,39,74,157,57,51,38,57,11,0,0,0,0,0,0,11,0,0,0,0,0,0,0,0,0,317,28,0,20,0,0,38,55,0,25,51,29,60,0,0,11,0,339,49,0,0,21,0,0,0,9,15,0,48,68,23,35,1,70,52338,1258,1077,1345,1716,1914,1810,1499,2119,2325,3564,5428,8627,6452,4300,5174,3730,1034,137,41,20,63,30,60,82,51,98,72,45,228,19,35,11,42,170,0,79,214,20,110,9,5,607,261,90,231,117,228,54,11,42,1034,431,90,310,331,40,164,20,47,1641
"49","55133","Waukesha County, Wisconsin",148952,3466,3287,4139,5100,4938,4231,5041,5196,4328,9883,13393,20268,18140,12486,17094,17962,1808,147,195,90,34,85,40,103,62,69,160,119,147,111,106,265,75,241,0,9,22,0,4,0,0,25,0,8,62,9,52,34,5,11,5024,15,16,98,22,51,82,66,69,42,275,230,651,833,474,737,1363,82,0,0,0,0,0,38,0,0,0,0,0,25,0,7,12,0,1593,14,3,10,0,17,781,4,33,1,78,223,189,70,123,12,35,2080,0,106,176,38,44,68,18,27,44,78,212,381,313,149,228,198,145419,3380,3242,3931,4886,4643,4136,4763,4966,4212,9585,13080,19793,17832,12392,16841,17737,5109,100,114,218,230,312,175,300,263,118,395,582,866,475,292,340,329,466,125,234,279,147,217,265,75,1808,662,487,681,977,866,767,340,329,5109,1128,612,915,1256,294,984,605,404,6917
"50","55135","Waupaca County, Wisconsin",21873,805,918,824,1116,1047,1105,1044,1148,898,1880,2803,3273,2127,1226,873,786,45,0,2,0,0,0,38,0,0,0,0,5,0,0,0,0,0,112,13,0,7,0,1,0,0,15,0,47,0,3,2,24,0,0,114,25,0,0,35,0,0,28,0,3,0,0,3,20,0,0,0,1,0,0,0,0,0,0,0,0,0,0,0,0,1,0,0,0,175,0,5,0,0,0,0,50,12,30,0,19,28,9,0,0,22,166,31,14,11,1,6,1,0,14,14,38,13,7,7,1,0,8,21668,805,911,822,1114,993,1080,1034,1139,868,1862,2793,3243,2119,1226,873,786,413,10,18,2,2,54,25,60,14,59,18,42,59,28,1,0,21,2,38,0,5,0,0,0,0,45,32,79,133,60,59,29,0,21,413,34,117,133,65,0,29,0,21,458
"51","55137","Waushara County, Wisconsin",9618,522,409,398,495,521,482,425,617,502,844,1146,1354,836,382,439,246,55,0,0,0,36,6,0,0,9,0,0,4,0,0,0,0,0,15,0,0,0,0,0,0,0,0,0,10,0,3,0,0,2,0,64,0,12,0,0,0,3,0,10,0,12,9,6,12,0,0,0,4,0,0,4,0,0,0,0,0,0,0,0,0,0,0,0,0,159,0,12,20,4,1,2,15,8,5,12,31,48,1,0,0,0,138,8,8,10,4,30,21,0,10,0,2,0,21,13,0,11,0,9512,517,396,388,487,512,482,418,610,501,834,1140,1344,825,381,439,238,296,5,25,30,12,10,20,22,22,6,22,37,58,18,1,0,8,36,6,9,4,0,0,0,0,55,72,30,50,59,58,19,0,8,296,108,36,59,63,0,19,0,8,351
"52","55139","Winnebago County, Wisconsin",67382,3044,2516,2813,3462,2941,3474,3197,3294,2723,5744,7628,9811,6921,3769,3338,2707,803,69,108,50,114,160,39,10,80,26,23,14,65,19,4,13,9,258,6,0,0,42,1,13,2,6,6,3,49,23,24,31,47,5,1295,92,38,21,87,25,57,8,107,95,120,206,182,81,28,65,83,21,0,0,0,21,0,0,0,0,0,0,0,0,0,0,0,0,322,40,0,0,0,39,17,117,0,35,0,9,26,25,0,7,7,1051,19,69,69,69,158,59,6,15,195,47,64,63,80,97,6,35,65883,2929,2455,2736,3333,2924,3397,3134,3236,2664,5587,7280,9623,6854,3747,3290,2694,1975,155,61,77,131,142,94,180,58,112,157,378,214,98,50,55,13,341,199,116,37,65,23,13,9,803,424,236,350,535,214,148,55,13,1975,765,435,466,572,130,171,68,22,2778
"53","55141","Wood County, Wisconsin",31364,1314,1492,1600,1861,1492,1784,1476,1620,1234,3141,3634,4387,2710,1495,1053,1071,146,0,4,0,17,0,0,0,41,0,15,31,0,32,0,0,6,172,11,2,0,5,5,22,3,9,4,60,15,13,7,0,0,16,567,0,0,14,1,54,19,1,9,26,63,79,143,0,0,10,148,0,0,0,0,0,0,0,0,0,0,0,0,0,0,0,0,0,102,6,0,0,0,0,0,9,5,53,5,0,24,0,0,0,0,356,36,57,20,0,16,6,38,7,17,92,36,31,0,0,0,0,30882,1288,1457,1495,1773,1436,1770,1458,1619,1234,3112,3602,4344,2690,1493,1053,1058,642,32,42,105,88,56,19,27,6,37,85,59,51,20,2,0,13,21,0,41,46,0,32,0,6,146,267,75,70,144,51,22,0,13,642,288,75,111,190,0,54,0,19,788
"54","55001","Adams County, Wisconsin",8796,349,485,621,553,577,497,542,449,422,730,1033,1203,631,316,236,152,60,4,10,8,0,0,0,0,3,6,2,11,13,0,0,3,0,57,9,0,0,21,0,0,22,1,0,4,0,0,0,0,0,0,20,0,3,0,0,0,17,0,0,0,0,0,0,0,0,0,0,0,0,0,0,0,0,0,0,0,0,0,0,0,0,0,0,0,64,0,0,0,4,0,0,10,1,0,7,31,0,11,0,0,0,114,3,0,0,8,0,6,2,3,11,4,26,49,2,0,0,0,8692,349,467,616,549,573,488,540,433,401,725,1024,1203,631,316,225,152,188,0,18,5,20,4,15,12,20,21,9,50,0,3,0,11,0,22,0,9,13,13,0,3,0,60,43,19,53,59,0,3,11,0,188,65,19,62,72,26,3,14,0,248
"55","55007","Bayfield County, Wisconsin",6350,309,244,312,341,280,339,257,272,308,625,714,975,503,292,356,223,7,0,0,0,0,0,7,0,0,0,0,0,0,0,0,0,0,602,39,56,52,27,29,10,35,14,31,60,102,89,35,17,6,0,27,0,0,5,3,0,0,0,0,0,4,0,15,0,0,0,0,0,0,0,0,0,0,0,0,0,0,0,0,0,0,0,0,0,12,8,0,0,0,0,0,0,0,0,0,0,4,0,0,0,0,112,5,10,6,0,4,7,2,8,9,2,7,20,21,5,6,0,6264,278,236,309,321,272,339,257,272,308,617,710,975,499,292,356,223,101,39,8,8,20,8,0,0,0,0,8,4,0,6,0,0,0,0,7,0,0,0,0,0,0,7,75,8,0,12,0,6,0,0,101,75,15,0,12,0,6,0,0,108
"56","55013","Burnett County, Wisconsin",6775,327,406,307,360,330,340,346,369,297,768,727,906,600,289,216,187,24,0,7,7,2,3,0,0,0,0,0,0,4,0,1,0,0,252,18,38,12,24,9,11,10,20,1,18,18,33,6,27,4,3,16,0,0,0,3,0,0,3,2,2,0,0,6,0,0,0,0,0,0,0,0,0,0,0,0,0,0,0,0,0,0,0,0,0,12,0,1,0,11,0,0,0,0,0,0,0,0,0,0,0,0,163,17,17,0,2,3,3,3,4,0,17,31,31,27,3,5,0,6696,323,389,307,360,321,326,342,368,297,753,727,898,599,289,216,181,98,4,22,0,11,9,14,4,1,0,18,0,8,1,0,0,6,16,3,0,0,4,1,0,0,24,37,23,5,18,8,1,0,6,98,53,26,5,18,8,2,0,6,122
"57","55019","Clark County, Wisconsin",12598,536,574,661,536,667,832,663,610,567,1256,1391,1944,1006,567,460,328,46,9,0,0,0,0,3,0,0,18,0,4,8,0,4,0,0,34,0,0,0,7,0,0,0,5,0,10,4,0,5,0,3,0,32,0,0,0,2,5,0,0,4,0,0,1,6,2,0,7,5,0,0,0,0,0,0,0,0,0,0,0,0,0,0,0,0,0,61,0,0,1,0,3,7,16,7,1,5,15,5,0,0,0,1,143,3,0,0,18,13,5,6,5,20,18,15,7,5,8,18,2,12342,507,571,643,530,645,816,646,600,563,1234,1353,1916,994,544,453,327,375,29,3,19,24,25,26,33,17,22,30,57,47,12,23,7,1,9,3,18,4,8,4,0,0,46,75,51,72,87,47,35,7,1,375,84,54,90,91,16,39,7,1,421
"58","55025","Dane County, Wisconsin",195219,6416,5157,5413,5897,6591,6778,7100,7163,7382,14872,19848,27642,22849,16470,17259,18382,9554,826,654,693,447,952,866,776,357,296,594,1326,784,259,282,276,166,672,13,9,20,57,66,23,36,60,66,49,102,50,21,33,32,35,11937,1715,320,309,557,343,280,332,244,355,728,1040,1987,1150,727,736,1114,187,0,0,0,0,0,0,0,5,0,9,10,139,13,0,0,11,3501,223,92,82,243,109,76,171,91,1309,351,321,129,153,59,18,74,5530,303,365,95,196,131,264,314,169,101,292,569,1079,441,443,457,311,189151,6125,4978,4967,5526,6235,6392,6666,6771,7090,14559,19432,26938,22192,16214,16939,18127,10045,640,455,538,597,553,604,723,562,396,743,1021,976,782,549,436,470,2620,1818,1429,1920,784,541,276,166,9554,2230,1157,1681,1764,976,1331,436,470,10045,4850,2975,3110,3684,1568,1872,712,636,19599
"59","55031","Douglas County, Wisconsin",17974,937,979,843,871,837,1116,658,813,812,1281,1961,2605,1881,1040,829,511,76,0,0,0,0,0,0,0,32,0,22,14,0,5,3,0,0,310,41,25,19,47,4,23,24,22,12,28,26,18,11,10,0,0,143,0,13,0,0,1,13,2,0,0,15,69,21,9,0,0,0,0,0,0,0,0,0,0,0,0,0,0,0,0,0,0,0,0,9,0,0,0,1,0,0,2,0,1,0,0,0,0,0,5,0,482,9,25,65,32,16,48,10,110,0,16,5,66,41,26,5,8,17828,932,979,843,846,837,1099,638,813,806,1266,1943,2565,1881,1040,829,511,162,5,5,0,26,0,17,22,0,6,15,18,40,0,0,0,8,0,0,32,36,0,8,0,0,76,36,17,28,33,40,0,0,8,162,36,17,60,69,0,8,0,8,238
"60","55037","Florence County, Wisconsin",2002,127,107,180,39,119,126,103,106,73,215,248,212,175,69,68,35,14,0,0,0,0,0,0,0,0,0,0,0,0,0,0,0,14,16,0,0,8,3,0,0,0,5,0,0,0,0,0,0,0,0,0,0,0,0,0,0,0,0,0,0,0,0,0,0,0,0,0,0,0,0,0,0,0,0,0,0,0,0,0,0,0,0,0,0,0,0,0,0,0,0,0,0,0,0,0,0,0,0,0,0,0,6,0,0,0,1,0,0,0,0,0,0,0,5,0,0,0,0,1999,127,107,180,39,119,126,103,106,73,215,248,212,175,67,68,34,8,0,0,0,0,0,0,0,5,0,0,0,0,0,2,0,1,0,0,0,0,0,0,0,14,14,0,0,5,0,0,2,0,1,8,0,0,5,0,0,2,0,15,22
"61","55043","Grant County, Wisconsin",19150,1080,1030,1146,824,882,1062,949,1087,756,1654,1975,2909,1676,921,761,438,149,30,0,4,3,67,0,3,0,2,35,0,5,0,0,0,0,7,4,3,0,0,0,0,0,0,0,0,0,0,0,0,0,0,174,2,0,0,9,0,0,0,0,51,40,0,18,7,25,9,13,0,0,0,0,0,0,0,0,0,0,0,0,0,0,0,0,0,26,0,0,0,0,0,0,0,0,0,0,3,0,0,0,0,23,149,3,0,4,0,0,2,0,5,0,78,19,8,3,23,3,1,19039,1063,1030,1145,807,871,1052,945,1085,756,1626,1963,2905,1672,920,761,438,155,17,0,1,20,11,10,7,2,0,42,15,4,4,22,0,0,37,67,5,35,5,0,0,0,149,38,21,9,57,4,26,0,0,155,75,88,14,92,10,26,0,0,304
"62","55049","Iowa County, Wisconsin",9620,381,398,327,534,280,373,435,270,429,804,988,1548,968,661,690,534,21,0,0,7,0,0,0,0,1,3,0,0,0,4,6,0,0,40,0,0,9,0,0,0,0,0,0,28,1,0,0,2,0,0,56,0,0,0,0,0,17,0,3,0,0,5,8,23,0,0,0,5,0,5,0,0,0,0,0,0,0,0,0,0,0,0,0,0,21,0,0,0,0,14,0,0,0,0,0,7,0,0,0,0,0,48,2,1,0,0,0,1,0,0,0,6,4,1,1,7,25,0,9548,381,398,327,534,273,373,432,262,429,804,986,1524,948,656,687,534,94,1,0,0,0,21,0,3,9,0,0,2,25,20,10,3,0,7,0,4,0,0,10,0,0,21,1,21,12,2,25,30,3,0,94,8,21,16,2,0,40,3,0,115
"63","55055","Jefferson County, Wisconsin",32143,1513,1015,1033,1258,1216,1722,1348,1679,1035,2414,3413,4645,3752,2538,2292,1270,111,0,0,20,0,5,20,0,0,1,21,0,12,0,32,0,0,84,0,5,3,0,67,0,0,0,0,3,0,5,0,1,0,0,165,0,0,8,50,6,5,0,0,0,5,4,39,11,0,27,10,17,17,0,0,0,0,0,0,0,0,0,0,0,0,0,0,0,415,0,18,12,41,16,11,27,42,0,16,140,38,21,0,0,33,414,35,52,21,8,10,15,11,9,7,68,31,76,43,6,17,5,31343,1506,973,974,1214,1201,1540,1262,1679,997,2283,3407,4566,3672,2516,2285,1268,1414,24,99,71,85,91,208,113,42,38,162,146,157,101,28,14,35,20,25,1,21,12,32,0,0,111,279,299,193,308,157,129,14,35,1414,299,324,194,329,24,161,14,35,1525
"64","55061","Kewaunee County, Wisconsin",8034,396,181,299,318,279,301,362,441,282,622,915,1339,1112,579,392,216,60,0,0,2,0,0,1,0,0,0,16,41,0,0,0,0,0,21,0,0,0,0,0,16,0,0,0,0,0,5,0,0,0,0,13,0,0,0,0,0,0,0,0,0,0,3,10,0,0,0,0,0,0,0,0,0,0,0,0,0,0,0,0,0,0,0,0,0,13,3,0,0,0,2,0,0,0,0,0,2,3,2,0,0,1,108,19,0,0,2,0,13,42,7,0,0,8,14,3,0,0,0,7958,396,181,295,310,266,301,362,441,282,590,915,1324,1112,579,392,212,132,3,0,4,8,15,0,42,0,0,32,2,21,0,0,0,5,2,1,0,57,0,0,0,0,60,15,15,42,34,21,0,0,5,132,17,16,42,91,0,0,0,5,192
"65","55067","Langlade County, Wisconsin",8269,430,560,406,316,450,410,508,489,345,720,905,1305,793,239,224,169,0,0,0,0,0,0,0,0,0,0,0,0,0,0,0,0,0,37,3,31,0,0,0,0,0,0,0,0,1,0,0,0,2,0,28,4,0,0,0,0,3,0,0,0,18,3,0,0,0,0,0,1,0,0,0,0,0,0,0,0,0,0,0,1,0,0,0,0,36,13,0,0,22,0,0,0,0,0,0,0,0,1,0,0,0,168,2,0,4,13,3,18,37,2,47,3,30,2,6,0,0,1,8241,429,560,406,300,449,408,508,489,340,720,904,1305,791,239,224,169,90,14,0,0,38,4,2,17,0,5,0,1,0,9,0,0,0,0,0,0,0,0,0,0,0,0,52,6,22,1,0,9,0,0,90,52,6,22,1,0,9,0,0,90
"66","55073","Marathon County, Wisconsin",52699,2007,1770,2469,2224,2130,3032,2555,2251,2003,4433,5588,8959,5348,2908,2633,2389,205,0,15,31,0,2,53,0,0,50,0,9,2,0,40,3,0,173,0,30,35,13,0,8,0,0,36,23,9,10,5,1,3,0,1756,38,26,75,88,41,47,33,121,52,73,213,379,223,137,99,111,0,0,0,0,0,0,0,0,0,0,0,0,0,0,0,0,0,241,0,0,1,25,15,17,59,10,8,68,7,4,24,2,1,0,924,23,27,2,47,59,45,30,94,86,308,39,54,77,13,15,5,52065,1979,1743,2436,2114,2121,2919,2555,2212,1916,4388,5576,8874,5348,2887,2621,2376,1052,28,27,66,171,30,161,58,49,133,113,37,93,27,21,25,13,46,55,50,9,2,40,3,0,205,292,191,240,150,93,48,25,13,1052,338,246,290,159,4,88,28,13,1257
"67","55078","Menominee County, Wisconsin",203,23,0,3,3,16,15,2,20,4,14,30,17,7,11,21,17,0,0,0,0,0,0,0,0,0,0,0,0,0,0,0,0,0,1127,82,90,60,98,83,69,21,21,68,121,61,124,97,24,67,41,8,0,0,0,0,0,0,0,8,0,0,0,0,0,0,0,0,0,0,0,0,0,0,0,0,0,0,0,0,0,0,0,0,0,3,0,0,0,0,0,0,0,0,3,0,0,0,0,0,0,0,59,0,0,7,0,0,24,6,0,7,1,0,0,8,6,0,0,202,23,0,3,3,16,15,2,20,4,14,30,17,7,11,21,16,24,0,11,0,0,0,0,0,0,0,0,0,11,1,0,0,1,0,0,0,0,0,0,0,0,0,11,0,0,0,11,1,0,1,24,11,0,0,0,0,1,0,1,24
"68","55085","Oneida County, Wisconsin",15282,559,838,525,885,1038,743,745,729,500,1235,1697,2128,1528,634,736,762,47,0,0,0,3,32,0,0,0,0,0,4,0,0,0,0,8,227,0,3,2,15,37,0,0,0,1,108,16,4,0,0,0,41,52,0,1,0,0,0,4,7,0,8,0,20,3,0,0,0,9,0,0,0,0,0,0,0,0,0,0,0,0,0,0,0,0,0,0,0,0,0,0,0,0,0,0,0,0,0,0,0,0,0,0,69,0,0,0,9,0,0,8,5,0,5,21,4,10,1,6,0,15163,559,832,525,872,1021,735,740,704,500,1232,1697,2111,1520,626,727,762,120,0,6,0,13,17,8,5,25,0,3,0,18,8,8,9,0,3,32,0,4,0,0,0,8,47,19,25,30,3,18,16,9,0,120,22,57,30,7,0,16,9,8,167
"69","55091","Pepin County, Wisconsin",3082,144,139,147,165,137,130,132,124,164,282,379,411,384,150,106,88,0,0,0,0,0,0,0,0,0,0,0,0,0,0,0,0,0,10,0,0,0,0,0,0,0,0,0,0,0,0,0,0,0,10,10,0,0,0,2,0,0,0,0,0,0,0,0,0,0,0,8,0,0,0,0,0,0,0,0,0,0,0,0,0,0,0,0,0,5,0,0,0,0,0,0,0,0,0,0,0,0,2,3,0,0,20,0,0,0,2,0,0,1,0,0,8,2,7,0,0,0,0,3052,144,139,147,164,132,130,127,124,156,282,379,404,380,150,106,88,40,0,0,0,3,5,0,5,0,8,3,0,7,6,3,0,0,0,0,0,0,0,0,0,0,0,3,5,13,3,7,9,0,0,40,3,5,13,3,0,9,0,0,40
"70","55097","Portage County, Wisconsin",27713,1276,1205,1017,1486,1069,1395,1183,1104,1297,2688,2873,3731,2794,1817,1683,1095,97,18,2,0,0,0,14,0,30,1,0,19,6,0,0,0,7,56,0,5,0,0,0,0,0,0,0,5,18,14,0,14,0,0,479,37,2,2,0,0,17,78,11,0,36,66,54,4,37,80,55,0,0,0,0,0,0,0,0,0,0,0,0,0,0,0,0,0,390,41,0,0,31,34,64,10,23,30,56,49,34,6,0,12,0,177,18,3,21,0,5,12,4,13,13,16,8,32,26,6,0,0,27456,1219,1205,999,1481,1069,1382,1175,1099,1294,2647,2859,3703,2770,1809,1652,1093,629,64,0,18,36,34,77,15,28,33,98,63,63,30,8,43,19,20,14,31,19,6,0,0,7,97,118,111,76,161,63,38,43,19,629,138,125,107,180,12,38,43,26,726
"71","55103","Richland County, Wisconsin",7275,391,371,461,364,335,415,319,390,315,685,883,1014,621,353,201,157,11,8,0,0,0,0,0,0,0,0,3,0,0,0,0,0,0,10,0,0,0,5,0,0,0,0,0,0,0,5,0,0,0,0,61,0,37,0,4,0,0,11,0,0,2,0,3,4,0,0,0,0,0,0,0,0,0,0,0,0,0,0,0,0,0,0,0,0,108,5,20,0,13,2,0,8,29,0,12,7,4,8,0,0,0,115,55,12,0,1,22,10,4,1,8,2,0,0,0,0,0,0,7256,391,367,461,364,335,414,319,380,315,683,883,1013,620,353,201,157,123,5,24,0,13,23,1,8,13,1,14,7,5,9,0,0,0,8,0,0,3,0,0,0,0,11,42,24,22,21,5,9,0,0,123,50,24,22,24,0,9,0,0,134
"72","55109","St. Croix County, Wisconsin",33767,836,932,739,913,1042,881,858,1427,1046,2308,3619,5391,4816,3089,3232,2638,175,0,38,0,10,3,0,1,0,68,0,3,11,3,10,28,0,57,0,0,0,0,0,0,0,0,0,0,17,16,0,15,0,9,131,0,0,0,0,0,2,5,0,0,0,5,18,30,49,22,0,0,0,0,0,0,0,0,0,0,0,0,0,0,0,0,0,0,151,0,0,0,0,11,0,17,7,33,44,0,1,34,1,3,0,402,9,10,27,0,25,1,16,21,0,5,33,85,107,1,19,43,33461,824,932,725,909,1042,824,858,1349,1018,2287,3594,5362,4799,3087,3213,2638,484,12,0,14,4,15,57,33,85,41,65,25,40,68,3,22,0,48,3,69,3,11,13,28,0,175,30,72,159,90,40,71,22,0,484,78,75,228,93,22,84,50,0,659
